;Title;Artist;Year;0
0;Doesn't Really Matter;Janet;2000;344
1;Incomplete;Sisqo;2000;247
2;Jumpin', Jumpin';Destiny's Child;2000;404
3;Bent;matchbox twenty;2000;573
4;No More;Ruff Endz;2000;324
5;I Wanna Know;Joe;2000;580
6;Kryptonite;3 Doors Down;2000;262
7;Wifey;Next;2000;327
8;Absolutely (Story Of A Girl);Nine Days;2000;490
9;It's Gonna Be Me;'N Sync;2000;572
10;(Hot S**t) Country Grammar;Nelly;2000;367
11;I Need You;LeAnn Rimes;2000;194
12;Try Again;Aaliyah;2000;603
13;Music;Madonna;2000;108
14;He Wasn't Man Enough;Toni Braxton;2000;494
15;Higher;Creed;2000;523
16;Back Here;BBMak;2000;433
17;Everything You Want;Vertical Horizon;2000;583
18;Desert Rose;Sting Featuring Cheb Mami;2000;306
19;Let's Get Married;Jagged Edge;2000;371
20;Callin' Me;Lil' Zane Featuring 112;2000;58
21;Wonderful;Everclear;2000;142
22;Come On Over Baby (All I Want Is You);Christina Aguilera;2000;60
23;Bounce With Me;Lil Bow Wow Featuring Xscape;2000;46
24;Faded;SoulDecision Featuring Thrust;2000;74
25;Lucky;Britney Spears;2000;58
26;I Think I'm In Love With You;Jessica Simpson;2000;197
27;Purest Of Pain (A Puro Dolor);Son By Four;2000;174
28;You Sang To Me;Marc Anthony;2000;458
29;Breathe;Faith Hill;2000;467
30;That's The Way;Jo Dee Messina;2000;112
31;Just Be A Man About It;Toni Braxton;2000;42
32;There You Go;P!nk;2000;472
33;Give Me Just One Night (Una Noche);98 Degrees;2000;29
34;What About Now;Lonestar;2000;106
35;Most Girls;P!nk;2000;15
36;It Must Be Love;Alan Jackson;2000;60
37;One Voice;Billy Gilman;2000;35
38;What'Chu Like;Da Brat Featuring Tyrese;2000;156
39;Separated;Avant;2000;270
40;Shake Ya Ass;Mystikal;2000;10
41;Bag Lady;Erykah Badu;2000;9
42;I Turn To You;Christina Aguilera;2000;406
43;The Next Episode;Dr. Dre Featuring Snoop Dogg;2000;205
44;With Arms Wide Open;Creed;2000;6
45;The Light;Common;2000;7
46;I Will...But;SHeDAISY;2000;7
47;Smooth;Santana Featuring Rob Thomas;2000;177
48;Don't Think I'm Not;Kandi;2000;2
49;Big Pimpin';Jay-Z Featuring UGK;2000;308
50;I Wanna Be With You;Mandy Moore;2000;112
51;I Hope You Dance;Lee Ann Womack;2000;154
52;I Will Love Again;Lara Fabian;2000;71
53;Prayin' For Daylight;Rascal Flatts;2000;52
54;Whatever;Ideal Featuring Lil' Mo;2000;8
55;I Try;Macy Gray;2000;310
56;Where I Wanna Be;Donell Jones;2000;150
57;Amazed;Lonestar;2000;187
58;Be With You;Enrique Iglesias;2000;418
59;Dance Tonight;Lucy Pearl;2000;70
60;The Real Slim Shady;Eminem;2000;372
61;Flowers On The Wall;Eric Heatherly;2000;1
62;Swear It Again;Westlife;2000;208
63;Thong Song;Sisqo;2000;267
64;Maria Maria;Santana Featuring The Product G&B;2000;238
65;Simple Kind Of Life;No Doubt;2000;53
66;Oops!...I Did It Again;Britney Spears;2000;277
67;Yes!;Chad Brock;2000;159
68;Say My Name;Destiny's Child;2000;169
69;I Wish;Carl Thomas;2000;143
70;Broadway;Goo Goo Dolls;2000;126
71;Crash And Burn;Savage Garden;2000;65
72;Party Up (Up In Here);DMX;2000;63
73;The One;Backstreet Boys;2000;79
74;Otherside;Red Hot Chili Peppers;2000;124
75;Crybaby;Mariah Carey Featuring Snoop Dogg;2000;43
76;Better Off Alone;Alice Deejay;2000;64
77;Bye Bye Bye;'N Sync;2000;83
78;Couldn't Last A Moment;Collin Raye;2000;28
79;It Feels So Good;Sonique;2000;65
80;The Chain Of Love;Clay Walker;2000;24
81;The Way You Love Me;Faith Hill;2000;31
82;She's More;Andy Griggs;2000;25
83;Graduation (Friends Forever);Vitamin C;2000;22
84;Shackles (Praise You);Mary Mary;2000;20
85;Never Let You Go;Third Eye Blind;2000;11
86;Unconditional;Clay Davidson;2000;3
87;Show Me The Meaning Of Being Lonely;Backstreet Boys;2000;4
88;I Need To Know;Marc Anthony;2000;3
89;Fallin';Alicia Keys;2001;299
90;I'm Real;Jennifer Lopez Featuring Ja Rule;2001;295
91;Someone To Call My Lover;Janet;2001;326
92;Hit 'Em Up Style (Oops!);Blu Cantrell;2001;388
93;Let Me Blow Ya Mind;Eve Featuring Gwen Stefani;2001;579
94;Where The Party At;Jagged Edge With Nelly;2001;398
95;U Remind Me;Usher;2001;478
96;It's Been Awhile;Staind;2001;418
97;Drops Of Jupiter (Tell Me);Train;2001;564
98;Hanging By A Moment;Lifehouse;2001;586
99;Peaches & Cream;112;2001;553
100;All Or Nothing;O-Town;2001;425
101;When It's Over;Sugar Ray;2001;344
102;Izzo (H.O.V.A.);JAY-Z;2001;134
103;Fill Me In;Craig David;2001;341
104;Drive;Incubus;2001;476
105;One Minute Man;"Missy ""Misdemeanor"" Elliott";2001;128
106;Austin;Blake Shelton;2001;179
107;What Would You Do?;City High;2001;470
108;Because I Got High;Afroman;2001;49
109;Contagious;The Isley Brothers Featuring Ronald Isley;2001;145
110;The Space Between;Dave Matthews Band;2001;182
111;Family Affair;Mary J. Blige;2001;87
112;Bootylicious;Destiny's Child;2001;448
113;Area Codes;Ludacris Featuring Nate Dogg;2001;77
114;I'm A Thug;Trick Daddy;2001;51
115;I Wanna Be Bad;Willa Ford;2001;199
116;I'm A Believer;Smash Mouth;2001;71
117;Follow Me;Uncle Kracker;2001;443
118;Differences;Ginuwine;2001;41
119;Start The Commotion;The Wiseguys;2001;52
120;I'm Just Talkin' About Tonight;Toby Keith;2001;79
121;Purple Hills;D12;2001;230
122;Bad Boy For Life;P. Diddy, Black Rob & Mark Curry;2001;31
123;Where The Blacktop Ends;Keith Urban;2001;38
124;Only Time;Enya;2001;18
125;Irresistible;Jessica Simpson;2001;361
126;What I Really Meant To Say;Cyndi Thomson;2001;42
127;Here's To The Night;Eve 6;2001;159
128;Ride Wit Me;Nelly Featuring City Spud;2001;435
129;Thank You;Dido;2001;321
130;I'm Already There;Lonestar;2001;209
131;Flavor Of The Weak;American Hi-Fi;2001;61
132;When I Think About Angels;Jamie O'Neal;2001;80
133;Only In America;Brooks & Dunn;2001;6
134;Downtime;Jo Dee Messina;2001;5
135;Get Ur Freak On;"Missy ""Misdemeanor"" Elliott";2001;440
136;Turn Off The Light;Nelly Furtado;2001;3
137;Loverboy;Mariah Carey Featuring Cameo;2001;169
138;Music;Erick Sermon Featuring Marvin Gaye;2001;250
139;She's All I Got;Jimmy Cozier;2001;147
140;She Couldn't Change Me;Montgomery Gentry;2001;102
141;Superwoman Pt. II;Lil' Mo Featuring Fabolous;2001;332
142;Take You Out;Luther Vandross;2001;81
143;Fiesta;R. Kelly Featuring Jay-Z;2001;332
144;Lady Marmalade;Christina Aguilera, Lil' Kim, Mya & P!nk;2001;424
145;I'm Like A Bird;Nelly Furtado;2001;223
146;All For You;Janet;2001;259
147;Wait A Minute;Ray J Featuring Lil' Kim;2001;103
148;More Than That;Backstreet Boys;2001;160
149;I Do!!;Toya;2001;70
150;If You're Gone;matchbox twenty;2001;83
151;I Hope You Dance;Lee Ann Womack;2001;116
152;There You'll Be;Faith Hill;2001;266
153;Pop;'N Sync;2001;184
154;My Baby;Lil' Romeo;2001;267
155;There She Goes;Babyface;2001;39
156;I Could Not Ask For More;Sara Evans;2001;55
157;Ain't Nothing 'Bout You;Brooks & Dunn;2001;109
158;Grown Men Don't Cry;Tim McGraw;2001;104
159;South Side;Moby Featuring Gwen Stefani;2001;77
160;Missing You;Case;2001;92
161;Don't Happen Twice;Kenny Chesney;2001;74
162;Angel;Shaggy Featuring Rayvon;2001;74
163;Love;Musiq Soulchild;2001;27
164;Survivor;Destiny's Child;2001;129
165;Stutter;Joe Featuring Mystikal;2001;90
166;Play;Jennifer Lopez;2001;89
167;I Cry;Ja Rule Featuring Lil' Mo;2001;34
168;Heard It All Before;Sunshine Anderson;2001;49
169;Never Had A Dream Come True;S Club 7;2001;60
170;Again;Lenny Kravitz;2001;38
171;Put It On Me;Ja Rule Featuring Lil' Mo & Vita;2001;34
172;What It Feels Like For A Girl;Madonna;2001;28
173;This Is Me;Dream;2001;18
174;So Fresh, So Clean;OutKast;2001;17
175;It's A Great Day To Be Alive;Travis Tritt;2001;11
176;Right Where I Need To Be;Gary Allan;2001;9
177;I Like Them Girls;Tyrese;2001;3
178;Baby, Come Over (This Is Our Night);Samantha Mumba;2001;2
179;Butterfly;Crazy Town;2001;1
180;Dilemma;Nelly Featuring Kelly Rowland;2002;315
181;Hot In Herre;Nelly;2002;594
182;Complicated;Avril Lavigne;2002;481
183;Just A Friend 2002;Mario;2002;382
184;I Need A Girl (Part Two);P. Diddy & Ginuwine Featuring Loon, Mario Winans & Tammy Ruggeri;2002;469
185;Gangsta Lovin';Eve Featuring Alicia Keys;2002;219
186;Long Time Gone;Dixie Chicks;2002;140
187;Down 4 U;Irv Gotti Presents The Inc. Featuring Ja Rule, Ashanti, Charli Baltimore & Vita;2002;364
188;Cleanin' Out My Closet;Eminem;2002;132
189;Happy;Ashanti;2002;267
190;Nothin';N.O.R.E.;2002;293
191;Just Like A Pill;P!nk;2002;258
192;Heaven;DJ Sammy & Yanou Featuring Do;2002;345
193;No Such Thing;John Mayer;2002;288
194;Hero;Chad Kroeger Featuring Josey Scott;2002;519
195;Move B***h;Ludacris Featuring Mystikal & Infamous 2.0;2002;152
196;A Thousand Miles;Vanessa Carlton;2002;483
197;One Last Breath;Creed;2002;145
198;The Middle;Jimmy Eat World;2002;495
199;Gotta Get Thru This;Daniel Bedingfield;2002;90
200;I'm Gonna Be Alright;Jennifer Lopez Featuring Nas;2002;459
201;The Good Stuff;Kenny Chesney;2002;221
202;Why Don't We Fall In Love;Amerie;2002;128
203;Without Me;Eminem;2002;518
204;Love At First Sight;Kylie Minogue;2002;69
205;Still Fly;Big Tymers;2002;410
206;Soak Up The Sun;Sheryl Crow;2002;351
207;Two Wrongs;Wyclef Jean Featuring Claudette Ortiz;2002;87
208;Good Times;Styles;2002;48
209;Unbroken;Tim McGraw;2002;71
210;I Miss My Friend;Darryl Worley;2002;51
211;Oh Boy;Cam'Ron Featuring Juelz Santana;2002;467
212;Feel It Boy;Beenie Man Featuring Janet;2002;49
213;Foolish;Ashanti;2002;458
214;If I Could Go!;Angie Martinez Featuring Lil' Mo & Sacario;2002;27
215;By The Way;Red Hot Chili Peppers;2002;96
216;Ten Rounds With Jose Cuervo;Tracy Byrd;2002;21
217;Wherever You Will Go;The Calling;2002;236
218;halfcrazy;Musiq;2002;325
219;Blurry;Puddle Of Mudd;2002;282
220;The Impossible;Joe Nichols;2002;14
221;I Keep Looking;Sara Evans;2002;18
222;Courtesy Of The Red, White And Blue (The Angry American);Toby Keith;2002;165
223;Where Are You Going;Dave Matthews Band;2002;7
224;Grindin';Clipse;2002;90
225;All You Wanted;Michelle Branch;2002;275
226;Stingy;Ginuwine;2002;4
227;Baby;Ashanti;2002;3
228;Wasting My Time;Default;2002;233
229;Hey Ma;Cam'Ron Featuring Juelz Santana, Freekey Zekey & Toya;2002;1
230;Addictive;Truth Hurts Featuring Rakim;2002;378
231;What's Luv?;Fat Joe Featuring Ashanti;2002;318
232;Hella Good;No Doubt;2002;257
233;The One;Gary Allan;2002;89
234;I Need A Girl (Part One);P. Diddy Featuring Usher & Loon;2002;338
235;Call Me;Tweet;2002;112
236;Days Go By;Dirty Vegas;2002;270
237;My Neck, My Back;Khia Featuring DSD;2002;17
238;How You Remind Me;Nickelback;2002;104
239;Full Moon;Brandy;2002;205
240;U Don't Have To Call;Usher;2002;206
241;Not A Day Goes By;Lonestar;2002;62
242;Living And Living Well;George Strait;2002;119
243;My Heart Is Lost To You;Brooks & Dunn;2002;9
244;Don't Let Me Get Me;P!nk;2002;145
245;I'm Gonna Miss Her (The Fishin' Song);Brad Paisley;2002;102
246;In The End;Linkin Park;2002;96
247;Walking Away;Craig David;2002;26
248;Rainy Dayz;Mary J. Blige Featuring Ja Rule;2002;143
249;Gots Ta Be;B2K;2002;72
250;Down A** Chick;"Ja Rule Featuring Charli ""Chuck"" Baltimore";2002;108
251;Drive (For Daddy Gene);Alan Jackson;2002;73
252;More Than A Woman;Aaliyah;2002;93
253;A Little Less Conversation;Elvis Presley vs JXL;2002;1
254;Underneath Your Clothes;Shakira;2002;59
255;Don't Say Goodbye;Paulina Rubio;2002;18
256;Pass The Courvoisier Part II;Busta Rhymes Featuring P. Diddy & Pharrell;2002;58
257;Ain't It Funny;Jennifer Lopez Featuring Ja Rule;2002;42
258;Someone To Love You;Ruff Endz;2002;4
259;Makin' Good Love;Avant;2002;34
260;I Don't Have To Be Me ('til Monday);Steve Azar;2002;26
261;Anything;Jaheim Featuring Next;2002;23
262;Girlfriend;'N Sync Featuring Nelly;2002;20
263;I Should Be Sleeping;Emerson Drive;2002;23
264;Escape;Enrique Iglesias;2002;12
265;Here Is Gone;Goo Goo Dolls;2002;13
266;Too Bad;Nickelback;2002;5
267;A New Day Has Come;Celine Dion;2002;3
268;I Love You;Faith Evans;2002;2
269;Shake Ya Tailfeather;Nelly, P. Diddy & Murphy Lee;2003;322
270;Crazy In Love;Beyonce Featuring Jay Z;2003;629
271;Right Thurr;Chingy;2003;520
272;P.I.M.P.;50 Cent;2003;429
273;Into You;Fabolous Featuring Tamia Or Ashanti;2003;401
274;Get Low;Lil Jon & The East Side Boyz Featuring Ying Yang Twins;2003;359
275;Frontin';Pharrell Featuring Jay-Z;2003;269
276;Unwell;matchbox twenty;2003;565
277;Baby Boy;Beyonce Featuring Sean Paul;2003;103
278;Where Is The Love?;The Black Eyed Peas;2003;383
279;In Those Jeans;Ginuwine;2003;405
280;Never Leave You - Uh Ooh, Uh Oooh!;Lumidee;2003;481
281;My Love Is Like... Wo;Mya;2003;166
282;Drift Away;Uncle Kracker Featuring Dobie Gray;2003;484
283;Like Glue;Sean Paul;2003;301
284;Are You Happy Now?;Michelle Branch;2003;335
285;It's Five O'Clock Somewhere;Alan Jackson & Jimmy Buffett;2003;214
286;Let's Get Down;Bow Wow Featuring Baby;2003;126
287;Rock Wit U (Awww Baby);Ashanti;2003;556
288;Forever And For Always;Shania Twain;2003;243
289;Magic Stick;Lil' Kim Featuring 50 Cent;2003;573
290;Bring Me To Life;Evanescence Featuring Paul McCoy;2003;509
291;Thoia Thoing;R. Kelly;2003;139
292;Calling All Angels;Train;2003;190
293;The Remedy (I Won't Worry);Jason Mraz;2003;125
294;Can't Hold Us Down;Christina Aguilera Featuring Lil' Kim;2003;69
295;The Boys Of Summer;The Ataris;2003;65
296;I Want You;Thalia Featuring Fat Joe;2003;199
297;What Was I Thinkin';Dierks Bentley;2003;92
298;Miss Independent;Kelly Clarkson;2003;459
299;No Shoes, No Shirt, No Problems;Kenny Chesney;2003;140
300;Why Don't You & I;Santana Featuring Alex Band Or Chad Kroeger;2003;46
301;Senorita;Justin Timberlake;2003;47
302;Come Over;Aaliyah;2003;66
303;Damn!;YoungBloodZ Featuring Lil Jon;2003;18
304;So Gone;Monica;2003;446
305;Can't Stop, Won't Stop;Young Gunz;2003;24
306;Get Busy;Sean Paul;2003;477
307;Real Good Man;Tim McGraw;2003;44
308;When I'm Gone;3 Doors Down;2003;327
309;Help Pour Out The Rain (Lacey's Song);Buddy Jewell;2003;24
310;Dance With My Father;Luther Vandross;2003;45
311;Red Dirt Road;Brooks & Dunn;2003;181
312;Celebrity;Brad Paisley;2003;126
313;So Far Away;Staind;2003;9
314;My Front Porch Looking In;Lonestar;2003;246
315;Beer For My Horses;Toby Keith Duet With Willie Nelson;2003;247
316;Faint;Linkin Park;2003;3
317;Addicted;Simple Plan;2003;18
318;Suga Suga;Baby Bash Featuring Frankie J;2003;1
319;Intuition;Jewel;2003;283
320;Love At 1st Sight;Mary J. Blige Featuring Method Man;2003;136
321;21 Questions;50 Cent Featuring Nate Dogg;2003;375
322;Ignition;R. Kelly;2003;250
323;Don't Wanna Try;Frankie J;2003;245
324;This Is The Night;Clay Aiken;2003;269
325;I Know What You Want;Busta Rhymes & Mariah Carey Featuring The Flipmode Squad;2003;329
326;Rock Your Body;Justin Timberlake;2003;235
327;Did My Time;Korn;2003;13
328;Can't Let You Go;Fabolous Featuring Mike Shorey & Lil' Mo;2003;275
329;No Letting Go;Wayne Wonder;2003;232
330;In Da Club;50 Cent;2003;176
331;Like A Pimp;David Banner Featuring Lil' Flip;2003;12
332;If You're Not The One;Daniel Bedingfield;2003;137
333;Flying Without Wings;Ruben Studdard;2003;182
334;Stay Gone;Jimmy Wayne;2003;96
335;Act A Fool;Ludacris;2003;58
336;Big Yellow Taxi;Counting Crows Featuring Vanessa Carlton;2003;25
337;Fighter;Christina Aguilera;2003;115
338;Speed;Montgomery Gentry;2003;12
339;Picture;Kid Rock Featuring Sheryl Crow;2003;103
340;Snake;R. Kelly Featuring Big Tigger;2003;123
341;Never Scared;Bone Crusher Featuring Killer Mike & T.I.;2003;107
342;Like A Stone;Audioslave;2003;51
343;Pump It Up;Joe Budden;2003;32
344;Say Yes;Floetry;2003;59
345;Put That Woman First;Jaheim;2003;80
346;Love You Out Loud;Rascal Flatts;2003;47
347;4 Ever;Lil' Mo Featuring Fabolous;2003;30
348;Clocks;Coldplay;2003;36
349;How You Gonna Act Like That;Tyrese;2003;40
350;I'm Glad;Jennifer Lopez;2003;34
351;Beautiful;Snoop Dogg Featuring Pharrell & Uncle Charlie Wilson;2003;36
352;I Believe;Diamond Rio;2003;26
353;Three Wooden Crosses;Randy Travis;2003;26
354;Miss You;Aaliyah;2003;12
355;Sing For The Moment;Eminem;2003;13
356;Angel;Amanda Perez;2003;9
357;In Love Wit Chu;Da Brat Featuring Cherish;2003;7
358;What Would You Do?;The Isley Brothers Featuring Ronald Isley;2003;2
359;The Game Of Love;Santana Featuring Michelle Branch;2003;1
360;Lean Back;Terror Squad;2004;432
361;Sunshine;Lil' Flip Featuring Lea;2004;343
362;Goodies;Ciara Featuring Petey Pablo;2004;283
363;My Place;Nelly Featuring Jaheim;2004;229
364;Turn Me On;Kevin Lyttle Featuring Spragga Benz;2004;479
365;Slow Motion;Juvenile Featuring Soulja Slim;2004;591
366;Dip It Low;Christina Milian;2004;441
367;Pieces Of Me;Ashlee Simpson;2004;259
368;Move Ya Body;Nina Sky Featuring Jabba;2004;543
369;If I Ain't Got You;Alicia Keys;2004;573
370;Confessions Part II;Usher;2004;608
371;I Like That;Houston Featuring Chingy, Nate Dogg & I-20;2004;321
372;Diary;Alicia Keys Featuring Tony! Toni! Tone!;2004;293
373;She Will Be Loved;Maroon 5;2004;159
374;The Reason;Hoobastank;2004;574
375;Why?;Jadakiss Featuring Anthony Hamilton;2004;166
376;Locked Up;Akon Featuring Styles P.;2004;128
377;Leave (Get Out);JoJo;2004;434
378;Headsprung;LL Cool J;2004;111
379;Jesus Walks;Kanye West;2004;457
380;Heaven;Los Lonely Boys;2004;370
381;This Love;Maroon 5;2004;481
382;My Happy Ending;Avril Lavigne;2004;82
383;Meant To Live;Switchfoot;2004;401
384;Breaking The Habit;Linkin Park;2004;83
385;Burn;Usher;2004;563
386;So Sexy;Twista Featuring R. Kelly;2004;182
387;Southside;Lloyd Featuring Ashanti;2004;230
388;Yeah!;Usher Featuring Lil Jon & Ludacris;2004;464
389;Let's Get It Started;The Black Eyed Peas;2004;59
390;One Thing;Finger Eleven;2004;57
391;Live Like You Were Dying;Tim McGraw;2004;200
392;U Should've Known Better;Monica;2004;284
393;Let Me In;Young Buck;2004;69
394;Let's Get Away;T.I.;2004;35
395;Days Go By;Keith Urban;2004;39
396;Freek-A-Leek;Petey Pablo;2004;432
397;On The Way Down;Ryan Cabrera;2004;21
398;I Go Back;Kenny Chesney;2004;143
399;Girls Lie Too;Terri Clark;2004;24
400;Accidentally In Love;Counting Crows;2004;60
401;Whiskey Lullaby;Brad Paisley Featuring Alison Krauss;2004;59
402;No Problem;Lil Scrappy;2004;14
403;On Fire;Lloyd Banks;2004;439
404;How Come;D12;2004;123
405;Suds In The Bucket;Sara Evans;2004;7
406;I Don't Wanna Know;Mario Winans Featuring Enya & P. Diddy;2004;383
407;Here For The Party;Gretchen Wilson;2004;3
408;She Thinks She Needs Me;Andy Griggs;2004;3
409;Too Much Of A Good Thing;Alan Jackson;2004;1
410;I Want To Live;Josh Gracin;2004;14
411;Feelin' Way Too Damn Good;Nickelback;2004;7
412;Everytime;Britney Spears;2004;312
413;Naughty Girl;Beyonce;2004;319
414;Whats Happnin!;Ying Yang Twins Featuring Trick Daddy;2004;103
415;Somebody;Reba McEntire;2004;47
416;My Immortal;Evanescence;2004;194
417;Here Without You;3 Doors Down;2004;96
418;Overnight Celebrity;Twista;2004;306
419;I Believe;Fantasia;2004;152
420;Tipsy;J-Kwon;2004;213
421;I Got A Feelin';Billy Currington;2004;2
422;Roses;OutKast;2004;254
423;Ocean Avenue;Yellowcard;2004;87
424;Dude;Beenie Man Featuring Ms. Thing;2004;88
425;Someday;Nickelback;2004;56
426;Dreams;Diana DeGarmo;2004;55
427;Don't Tell Me;Avril Lavigne;2004;159
428;Happy People;R. Kelly;2004;125
429;Scandalous;Mis-Teeq;2004;54
430;All Falls Down;Kanye West Featuring Syleena Johnson;2004;151
431;Hey Mama;The Black Eyed Peas;2004;125
432;Whiskey Girl;Toby Keith;2004;99
433;Loco;David Lee Murphy;2004;19
434;If You Ever Stop Loving Me;Montgomery Gentry;2004;76
435;Dirt Off Your Shoulder;JAY-Z;2004;135
436;Let's Be Us Again;Lonestar;2004;53
437;100 Years;Five For Fighting;2004;46
438;Talk About Our Love;Brandy Featuring Kanye West;2004;32
439;Welcome Back;Mase;2004;62
440;Redneck Woman;Gretchen Wilson;2004;78
441;99 Problems;JAY-Z;2004;48
442;Culo;Pitbull Featuring Lil Jon;2004;40
443;Game Over (Flip);Lil' Flip;2004;65
444;Letters From Home;John Michael Montgomery;2004;43
445;The First Cut Is The Deepest;Sheryl Crow;2004;14
446;White Flag;Dido;2004;10
447;My Band;D12;2004;57
448;The Way You Move;OutKast Featuring Sleepy Brown;2004;16
449;I'm Still In Love With You;Sean Paul Featuring Sasha;2004;23
450;Take My Breath Away;Jessica Simpson;2004;4
451;Numb;Linkin Park;2004;1
452;We Belong Together;Mariah Carey;2005;649
453;Don't Cha;The Pussycat Dolls Featuring Busta Rhymes;2005;568
454;Pon de Replay;Rihanna;2005;476
455;Shake It Off;Mariah Carey;2005;164
456;Let Me Hold You;Bow Wow Featuring Omarion;2005;427
457;Lose Control;Missy Elliott Featuring Ciara & Fat Man Scoop;2005;473
458;You And Me;Lifehouse;2005;464
459;Behind These Hazel Eyes;Kelly Clarkson;2005;574
460;Like You;Bow Wow Featuring Ciara;2005;109
461;Listen To Your Heart;D.H.T.;2005;344
462;Just The Girl;The Click Five;2005;100
463;Pimpin' All Over The World;Ludacris Featuring Bobby Valentino;2005;365
464;Cool;Gwen Stefani;2005;140
465;Beverly Hills;Weezer;2005;405
466;Sugar, We're Goin' Down;Fall Out Boy;2005;137
467;Feel Good Inc;Gorillaz;2005;239
468;Don't Lie;The Black Eyed Peas;2005;55
469;Hollaback Girl;Gwen Stefani;2005;593
470;Cater 2 U;Destiny's Child;2005;254
471;Get It Poppin';Fat Joe Featuring Nelly;2005;442
472;Wake Me Up When September Ends;Green Day;2005;32
473;Don't Phunk With My Heart;The Black Eyed Peas;2005;562
474;These Words;Natasha Bedingfield;2005;147
475;Play;David Banner;2005;73
476;Holiday;Green Day;2005;333
477;Scars;Papa Roach;2005;360
478;Gold Digger;Kanye West Featuring Jamie Foxx;2005;49
479;Alcohol;Brad Paisley;2005;23
480;Wake Up;Hilary Duff;2005;22
481;Grind With Me;Pretty Ricky;2005;489
482;Since U Been Gone;Kelly Clarkson;2005;389
483;Best Of You;Foo Fighters;2005;313
484;Back Then;Mike Jones;2005;173
485;Outta Control (Remix);50 Cent Featuring Mobb Deep;2005;24
486;Mr. Brightside;The Killers;2005;322
487;Mississippi Girl;Faith Hill;2005;110
488;Badd;Ying Yang Twins Featuring Mike Jones & Mr. ColliPark;2005;31
489;As Good As I Once Was;Toby Keith;2005;175
490;My Humps;The Black Eyed Peas;2005;12
491;Just A Lil Bit;50 Cent;2005;483
492;La Tortura;Shakira Featuring Alejandro Sanz;2005;29
493;Lonely No More;Rob Thomas;2005;349
494;Speed Of Sound;Coldplay;2005;357
495;Something More;Sugarland;2005;86
496;Switch;Will Smith;2005;428
497;Must Be Nice;Lyfe Jennings;2005;23
498;Collide;Howie Day;2005;231
499;Make Her Feel Good;Teairra Mari;2005;54
500;Free Yourself;Fantasia;2005;46
501;A Real Fine Place To Start;Sara Evans;2005;1
502;Oh;Ciara Featuring Ludacris;2005;428
503;Let Me Go;3 Doors Down;2005;280
504;How To Deal;Frankie J;2005;77
505;Summer Nights;Lil Rob;2005;33
506;Give Me That;Webbie Featuring Bun B;2005;138
507;These Boots Are Made For Walkin';Jessica Simpson;2005;132
508;Inside Your Heaven;Carrie Underwood;2005;259
509;Baby I'm Back;Baby Bash Featuring Akon;2005;210
510;Chariot;Gavin DeGraw;2005;142
511;Diamonds From Sierra Leone;Kanye West;2005;9
512;Dreams;The Game;2005;106
513;Fast Cars And Freedom;Rascal Flatts;2005;81
514;Incomplete;Backstreet Boys;2005;215
515;So Seductive;Tony Yayo Featuring 50 Cent;2005;3
516;Inside Your Heaven;Bo Bice;2005;154
517;Slow Down;Bobby Valentino;2005;227
518;Boulevard Of Broken Dreams;Green Day;2005;134
519;Trapped In The Closet;R. Kelly;2005;78
520;Wait (The Whisper Song);Ying Yang Twins;2005;162
521;Sgt. Pepper's Lonely Hearts Club Band;Paul McCartney With U2;2005;3
522;Untitled (How Can This Happen To Me?);Simple Plan;2005;3
523;1, 2 Step;Ciara Featuring Missy Elliott;2005;66
524;Sugar (Gimme Some);Trick Daddy Featuring Ludacris, Lil' Kim & Cee-Lo;2005;107
525;Hate It Or Love It;The Game Featuring 50 Cent;2005;167
526;Making Memories Of Us;Keith Urban;2005;68
527;Live Like You Were Dying;Tim McGraw;2005;49
528;Candy Shop;50 Cent Featuring Olivia;2005;85
529;Breakaway;Kelly Clarkson;2005;56
530;Girlfight;Brooke Valentine Featuring Lil Jon & Big Boi;2005;50
531;U Already Know;112 Featuring Foxy Brown;2005;39
532;Lonely;Akon;2005;69
533;Disco Inferno;50 Cent;2005;42
534;Let Me Love You;Mario;2005;29
535;B.Y.O.B.;System Of A Down;2005;29
536;Rich Girl;Gwen Stefani Featuring Eve;2005;18
537;Errtime;Nelly Featuring Jung Tru & King Jacob;2005;41
538;Obsession (No Es Amor);Frankie J Featuring Baby Bash;2005;26
539;I'm A Hustla;Cassidy;2005;23
540;Lot Of Leavin' Left To Do;Dierks Bentley;2005;5
541;Girl;Destiny's Child;2005;8
542;1 Thing;Amerie;2005;9
543;Karma;Alicia Keys;2005;5
544;Caught Up;Usher;2005;4
545;Some Cut;Trillville Featuring Cutty;2005;2
546;London Bridge;Fergie;2006;196
547;Crazy;Gnarls Barkley;2006;559
548;Promiscuous;Nelly Furtado Featuring Timbaland;2006;637
549;(When You Gonna) Give It Up To Me;Sean Paul Featuring Keyshia Cole;2006;293
550;Buttons;The Pussycat Dolls Featuring Snoop Dogg;2006;476
551;Me & U;Cassie;2006;596
552;Get Up;Ciara Featuring Chamillionaire;2006;74
553;Ain't No Other Man;Christina Aguilera;2006;459
554;Sexy Love;Ne-Yo;2006;227
555;I Write Sins Not Tragedies;Panic! At The Disco;2006;450
556;Far Away;Nickelback;2006;98
557;Do It To It;Cherish Featuring Sean Paul Of The YoungBloodZ;2006;384
558;Shoulder Lean;Young Dro Featuring T.I.;2006;282
559;U And Dat;E-40 Featuring T-Pain & Kandi Girl;2006;252
560;Deja Vu;Beyonce Featuring Jay Z;2006;263
561;Pullin' Me Back;Chingy Featuring Tyrese;2006;138
562;Show Stopper;Danity Kane;2006;34
563;Over My Head (Cable Car);The Fray;2006;511
564;I Know You See It;Yung Joc Featuring Brandy 'Ms. B.' Hambrick;2006;116
565;It's Goin' Down;Yung Joc;2006;553
566;Bossy;Kelis Featuring Too $hort;2006;369
567;Hips Don't Lie;Shakira Featuring Wyclef Jean;2006;568
568;Snap Yo Fingers;Lil Jon Featuring E-40 & Sean Paul Of The YoungBloodZ;2006;503
569;Unfaithful;Rihanna;2006;528
570;Call Me When You're Sober;Evanescence;2006;26
571;Chasing Cars;Snow Patrol;2006;65
572;Move Along;The All-American Rejects;2006;356
573;Dani California;Red Hot Chili Peppers;2006;434
574;When You Were Young;The Killers;2006;44
575;Black Horse & The Cherry Tree;KT Tunstall;2006;301
576;SexyBack;Justin Timberlake;2006;36
577;Chain Hang Low;Jibbs;2006;31
578;Ridin';Chamillionaire Featuring Krayzie Bone;2006;495
579;Lips Of An Angel;Hinder;2006;19
580;A Public Affair;Jessica Simpson;2006;170
581;So What;Field Mob Featuring Ciara;2006;442
582;Bad Day;Daniel Powter;2006;420
583;Savin' Me;Nickelback;2006;308
584;Leave The Pieces;The Wreckers;2006;62
585;Hate Me;Blue October;2006;20
586;Unwritten;Natasha Bedingfield;2006;308
587;Call On Me;Janet & Nelly;2006;73
588;Brand New Girlfriend;Steve Holy;2006;25
589;About Us;Brooke Hogan Featuring Paul Wall;2006;25
590;What Hurts The Most;Rascal Flatts;2006;120
591;If You're Going Through Hell (Before The Devil Even Knows);Rodney Atkins;2006;77
592;SOS;Rihanna;2006;331
593;Say Goodbye;Chris Brown;2006;3
594;Stars Are Blind;Paris Hilton;2006;178
595;Life Is A Highway;Rascal Flatts;2006;270
596;What's Left Of Me;Nick Lachey;2006;270
597;The Riddle;Five For Fighting;2006;16
598;Why You Wanna;T.I.;2006;211
599;Invisible;Ashlee Simpson;2006;62
600;Temperature;Sean Paul;2006;275
601;Where'd You Go;Fort Minor Featuring Holly Brook;2006;333
602;Torn;LeToya;2006;129
603;Gimme That;Chris Brown Featuring Lil Wayne;2006;261
604;The Diary Of Jane;Breaking Benjamin;2006;1
605;Waiting On The World To Change;John Mayer;2006;70
606;Summertime;Kenny Chesney;2006;136
607;Miss Murder;AFI;2006;116
608;Walk Away;Kelly Clarkson;2006;150
609;Doing Too Much;Paula DeAnda Featuring Baby Bash;2006;41
610;The World;Brad Paisley;2006;21
611;Me And My Gang;Rascal Flatts;2006;1
612;Do I Make You Proud;Taylor Hicks;2006;171
613;I Love My B****;Busta Rhymes Featuring will.i.am & Kelis;2006;44
614;You're Beautiful;James Blunt;2006;116
615;Somewhere Over The Rainbow;Katharine McPhee;2006;68
616;Who Says You Can't Go Home;Bon Jovi;2006;68
617;What You Know;T.I.;2006;138
618;Enough Cryin;Mary J. Blige Featuring Brook-Lyn;2006;68
619;When The Stars Go Blue;Tim McGraw;2006;61
620;Ms. New Booty;Bubba Sparxxx Featuring Ying Yang Twins & Mr. ColliPark;2006;141
621;Everytime We Touch;Cascada;2006;58
622;Be Without You;Mary J. Blige;2006;63
623;Lean Wit It, Rock Wit It;Dem Franchize Boyz Featuring Lil Peanut & Charlay;2006;70
624;When You're Mad;Ne-Yo;2006;66
625;Breathe (2 AM);Anna Nalick;2006;7
626;Gettin' Some;Shawnna;2006;25
627;DJ Play A Love Song;Jamie Foxx Featuring Twista;2006;11
628;Not Ready To Make Nice;Dixie Chicks;2006;25
629;Don't Forget To Remember Me;Carrie Underwood;2006;3
630;Say I;Christina Milian Featuring Young Jeezy;2006;31
631;For You I Will (Confidence);Teddy Geiger;2006;14
632;Settle For A Slowdown;Dierks Bentley;2006;10
633;Wanted Dead Or Alive;Chris Daughtry;2006;8
634;Let U Go;Ashley Parker Angel;2006;5
635;Rompe;Daddy Yankee;2006;4
636;Girl;Paul Wall;2006;2
637;Beautiful Girls;Sean Kingston;2007;355
638;Big Girls Don't Cry;Fergie;2007;620
639;The Way I Are;Timbaland Featuring Keri Hilson;2007;416
640;Hey There Delilah;Plain White T's;2007;585
641;Stronger;Kanye West;2007;140
642;Crank That (Soulja Boy);Soulja Boy Tell'em;2007;175
643;Bartender;T-Pain Featuring Akon;2007;439
644;Umbrella;Rihanna Featuring Jay-Z;2007;629
645;Make Me Better;Fabolous Featuring Ne-Yo;2007;408
646;A Bay Bay;Hurricane Chris;2007;362
647;Shawty;Plies Featuring T-Pain;2007;229
648;Let It Go;Keyshia Cole Featuring Missy Elliott & Lil Kim;2007;139
649;Wait For You;Elliott Yamin;2007;369
650;Me Love;Sean Kingston;2007;96
651;Buy U A Drank (Shawty Snappin');T-Pain Featuring Yung Joc;2007;573
652;Rockstar;Nickelback;2007;217
653;S.O.S.;Jonas Brothers;2007;34
654;Ayo Technology;50 Cent Featuring Justin Timberlake & Timbaland;2007;62
655;Shut Up And Drive;Rihanna;2007;229
656;Who Knew;P!nk;2007;96
657;Party Like A Rockstar;Shop Boyz;2007;586
658;Sorry, Blame It On Me;Akon;2007;180
659;Makes Me Wonder;Maroon 5;2007;531
660;Bed;J. Holiday;2007;36
661;Home;Daughtry;2007;438
662;When You're Gone;Avril Lavigne;2007;82
663;LoveStoned;Justin Timberlake;2007;53
664;Before He Cheats;Carrie Underwood;2007;433
665;The Great Escape;Boys Like Girls;2007;134
666;Sexy Lady;Yung Berg Featuring Junior;2007;169
667;Do You;Ne-Yo;2007;104
668;First Time;Lifehouse;2007;81
669;What Time Is It;High School Musical 2 Cast;2007;129
670;Misery Business;Paramore;2007;17
671;Big Things Poppin' (Do It);T.I.;2007;396
672;The Sweet Escape;Gwen Stefani Featuring Akon;2007;326
673;Thnks Fr Th Mmrs;Fall Out Boy;2007;399
674;You Are The Music In Me;Zac Efron & Vanessa Anne Hudgens;2007;13
675;What I've Done;Linkin Park;2007;348
676;Never Wanted Nothing More;Kenny Chesney;2007;134
677;When I See U;Fantasia;2007;67
678;Same Girl;R. Kelly Duet With Usher;2007;206
679;If You're Reading This;Tim McGraw;2007;14
680;Whine Up;Kat DeLuna Featuring Elephant Man;2007;110
681;Summer Love;Justin Timberlake;2007;433
682;Clothes Off!!;Gym Class Heroes;2007;5
683;These Are My People;Rodney Atkins;2007;4
684;Rehab;Amy Winehouse;2007;344
685;Teardrops On My Guitar;Taylor Swift;2007;123
686;Potential Breakup Song;Aly & AJ;2007;101
687;Girlfriend;Avril Lavigne;2007;423
688;teachme;Musiq Soulchild;2007;14
689;U + Ur Hand;P!nk;2007;275
690;Get It Shawty;Lloyd;2007;293
691;I Need You;Tim McGraw With Faith Hill;2007;2
692;Give It To Me;Timbaland Featuring Nelly Furtado & Justin Timberlake;2007;233
693;Like This;Mims;2007;59
694;Lost In This Moment;Big & Rich;2007;107
695;I Told You So;Keith Urban;2007;4
696;Pop, Lock & Drop It;Huey;2007;315
697;Glamorous;Fergie Featuring Ludacris;2007;234
698;Lean Like A Cholo;Down A.K.A. Kilo;2007;101
699;Wipe Me Down;Lil Boosie Featuring Foxx & Webbie;2007;70
700;Tambourine;Eve;2007;51
701;Lip Gloss;Lil Mama;2007;190
702;Like This;Kelly Rowland Featuring Eve;2007;34
703;Never Again;Kelly Clarkson;2007;230
704;Life's What You Make It;Hannah Montana;2007;37
705;Because Of You;Ne-Yo;2007;132
706;I Tried;Bone Thugs-N-Harmony Featuring Akon;2007;189
707;How Do I Breathe;Mario;2007;5
708;Nobody's Perfect;Hannah Montana;2007;87
709;Like A Boy;Ciara;2007;107
710;2 Step;Unk;2007;108
711;Do You Know? (The Ping Pong Song)/Dimelo;Enrique Iglesias;2007;115
712;Icky Thump;The White Stripes;2007;24
713;(You Want To) Make A Memory;Bon Jovi;2007;12
714;Ticks;Brad Paisley;2007;33
715;We Takin' Over;DJ Khaled Featuring T.I., Akon, Rick Ross, Fat Joe, Lil' Wayne & Baby;2007;73
716;This Is Why I'm Hot;Mims;2007;97
717;Don't Matter;Akon;2007;90
718;I'm A Flirt;R. Kelly Or Bow Wow (Featuring T.I. & T-Pain);2007;101
719;Last Night;Diddy Featuring Keyshia Cole;2007;83
720;Cupid's Chokehold/Breakfast In America;Gym Class Heroes Featuring Patrick Stump;2007;65
721;Rock Yo Hips;Crime Mob Featuring Lil Scrappy;2007;43
722;If Everyone Cared;Nickelback;2007;37
723;Outta My System;Bow Wow Featuring T-Pain & Johnta Austin;2007;54
724;The Way I Live;Baby Boy Da Prince Featuring Lil Boosie;2007;42
725;It's Not Over;Daughtry;2007;38
726;Anonymous;Bobby Valentino Featuring Timbaland;2007;2
727;You Give Love A Bad Name;Blake Lewis;2007;63
728;This Is My Now;Jordin Sparks;2007;62
729;Better Than Me;Hinder;2007;21
730;Say It Right;Nelly Furtado;2007;16
731;Face Down;The Red Jumpsuit Apparatus;2007;16
732;Please Don't Go;Tank;2007;11
733;Good Directions;Billy Currington;2007;4
734;Beautiful Liar;Beyonce & Shakira;2007;3
735;What Goes Around...Comes Around;Justin Timberlake;2007;1
736;Whatever You Like;T.I.;2008;50
737;Disturbia;Rihanna;2008;425
738;Forever;Chris Brown;2008;587
739;I Kissed A Girl;Katy Perry;2008;634
740;Dangerous;Kardinal Offishall Featuring Akon;2008;433
741;Paper Planes;M.I.A.;2008;186
742;Viva La Vida;Coldplay;2008;600
743;Closer;Ne-Yo;2008;384
744;So What;P!nk;2008;42
745;Take A Bow;Rihanna;2008;607
746;When I Grow Up;The Pussycat Dolls;2008;445
747;Put On;Young Jeezy Featuring Kanye West;2008;236
748;A Milli;Lil Wayne;2008;467
749;Leavin';Jesse McCartney;2008;488
750;Crush;David Archuleta;2008;85
751;Get Like Me;David Banner Featuring Chris Brown;2008;320
752;One Step At A Time;Jordin Sparks;2008;140
753;Got Money;Lil Wayne Featuring T-Pain;2008;270
754;All Summer Long;Hit Masters;2008;32
755;Bleeding Love;Leona Lewis;2008;557
756;Burnin' Up;Jonas Brothers;2008;350
757;Can't Believe It;T-Pain Featuring Lil Wayne;2008;92
758;In The Ayer;Flo Rida Featuring will.i.am;2008;164
759;I'm Yours;Jason Mraz;2008;158
760;All Summer Long;Kid Rock;2008;105
761;Shake It;Metro Station;2008;438
762;Lolli Lolli (Pop That Body);Three 6 Mafia Featuring Project Pat, Young D & Superpower;2008;315
763;Better In Time;Leona Lewis;2008;55
764;Fall For You;Secondhand Serenade;2008;122
765;Pocketful Of Sunshine;Natasha Bedingfield;2008;495
766;The Day That Never Comes;Metallica;2008;20
767;My Life;The Game Featuring Lil Wayne;2008;69
768;The Business;Yung Berg Featuring Casha;2008;43
769;Lollipop;Lil Wayne Featuring Static Major;2008;545
770;The Time Of My Life;David Cook;2008;158
771;I Luv Your Girl;The-Dream;2008;329
772;American Boy;Estelle Featuring Kanye West;2008;263
773;It's Not My Time;3 Doors Down;2008;335
774;Change;Taylor Swift;2008;53
775;Should've Said No;Taylor Swift;2008;107
776;Dreamer;Chris Brown;2008;45
777;Need U Bad;Jazmine Sullivan;2008;18
778;No Air;Jordin Sparks Duet With Chris Brown;2008;365
779;Here I Am;Rick Ross Featuring Nelly & Avery Storm;2008;31
780;Bust It Baby Part 2;Plies Featuring Ne-Yo;2008;428
781;You Look Good In My Shirt;Keith Urban;2008;25
782;Hot N Cold;Katy Perry;2008;4
783;Heaven Sent;Keyshia Cole;2008;186
784;Don't Think I Don't Think About It;Darius Rucker;2008;2
785;All I Want To Do;Sugarland;2008;201
786;Everybody Wants To Go To Heaven;Kenny Chesney With The Wailers;2008;10
787;Get Back;Demi Lovato;2008;8
788;Handlebars;Flobots;2008;58
789;7 Things;Miley Cyrus;2008;281
790;What You Got;Colby O'Donis Featuring Akon;2008;308
791;I Still Miss You;Keith Anderson;2008;4
792;A Little Bit Longer;Jonas Brothers;2008;40
793;Damaged;Danity Kane;2008;307
794;Love Song;Sara Bareilles;2008;188
795;Corona And Lime;Shwayze;2008;55
796;In Love With A Girl;Gavin DeGraw;2008;160
797;Tonight;Jonas Brothers;2008;43
798;Good Time;Alan Jackson;2008;43
799;Realize;Colbie Caillat;2008;198
800;Love In This Club;Usher Featuring Young Jeezy;2008;289
801;Sexy Can I;Ray J & Yung Berg;2008;265
802;Get Silly;V.I.C.;2008;134
803;Buzzin';Shwayze Featuring Cisco Adler;2008;5
804;Low;Flo Rida Featuring T-Pain;2008;129
805;Summertime;New Kids On The Block;2008;67
806;Pushin' Me Away;Jonas Brothers;2008;35
807;Take You Down;Chris Brown;2008;44
808;Lookin Boy;Hot Stylz Featuring Yung Joc;2008;4
809;Say;John Mayer;2008;118
810;Home;Blake Shelton;2008;21
811;Out Here Grindin;DJ Khaled Feat. Akon, Plies, Young Jeezy, Rick Ross, Ace Hood, Trick Daddy & Lil' Boosie;2008;25
812;4 Minutes;Madonna Featuring Justin Timberlake & Timbaland;2008;197
813;Stop And Stare;OneRepublic;2008;88
814;This Is Me;Demi Lovato & Joe Jonas;2008;104
815;Mercy;Duffy;2008;73
816;Last Name;Carrie Underwood;2008;111
817;Play My Music;Jonas Brothers;2008;51
818;Gotta Find You;Joe Jonas;2008;36
819;Life In A Northern Town;Sugarland Featuring Little Big Town & Jake Owen;2008;8
820;Better As A Memory;Kenny Chesney;2008;11
821;We Rock;Cast Of Camp Rock;2008;18
822;Touch My Body;Mariah Carey;2008;90
823;All Around Me;Flyleaf;2008;29
824;Love In This Club Part II;Usher Featuring Beyonce & Lil Wayne;2008;78
825;Bye Bye;Mariah Carey;2008;91
826;Apologize;Timbaland Featuring OneRepublic;2008;54
827;I'm Still A Guy;Brad Paisley;2008;26
828;The Boss;Rick Ross Featuring T-Pain;2008;38
829;Don't Stop The Music;Rihanna;2008;29
830;With You;Chris Brown;2008;39
831;The Way That I Love You;Ashanti;2008;6
832;She Got It;2 Pistols Featuring T-Pain & Tay Dizm;2008;16
833;See You Again;Miley Cyrus;2008;17
834;No One;Alicia Keys;2008;7
835;Feels Like Tonight;Daughtry;2008;5
836;Our Song;Taylor Swift;2008;3
837;You're Gonna Miss This;Trace Adkins;2008;2
838;I Gotta Feeling;The Black Eyed Peas;2009;548
839;Party In The U.S.A.;Miley Cyrus;2009;98
840;Down;Jay Sean Featuring Lil Wayne;2009;201
841;You Belong With Me;Taylor Swift;2009;510
842;Run This Town;Jay-Z, Rihanna & Kanye West;2009;94
843;Use Somebody;Kings Of Leon;2009;449
844;Best I Ever Had;Drake;2009;549
845;Knock You Down;Keri Hilson Featuring Kanye West & Ne-Yo;2009;603
846;Good Girls Go Bad;Cobra Starship Featuring Leighton Meester;2009;289
847;Hotel Room Service;Pitbull;2009;209
848;Obsessed;Mariah Carey;2009;259
849;She Wolf;Shakira;2009;173
850;Boom Boom Pow;The Black Eyed Peas;2009;593
851;Waking Up In Vegas;Katy Perry;2009;511
852;Fire Burning;Sean Kingston;2009;558
853;Battlefield;Jordin Sparks;2009;302
854;Break Up;Mario Featuring Gucci Mane & Sean Garrett;2009;133
855;LoveGame;Lady Gaga;2009;549
856;I Know You Want Me (Calle Ocho);Pitbull;2009;544
857;Big Green Tractor;Jason Aldean;2009;165
858;Send It On;Disney's Friends For Change;2009;61
859;Throw It In The Bag;Fabolous Featuring The-Dream;2009;74
860;No Surprise;Daughtry;2009;183
861;Whatcha Say;Jason Derulo;2009;27
862;Every Girl;Young Money;2009;381
863;Love Drunk;Boys Like Girls;2009;109
864;21 Guns;Green Day;2009;190
865;New Divide;Linkin Park;2009;353
866;Please Don't Leave Me;P!nk;2009;384
867;The Climb;Miley Cyrus;2009;412
868;Ice Cream Paint Job;Dorrough;2009;62
869;I'm Yours;Jason Mraz;2009;259
870;Pretty Wings;Maxwell;2009;52
871;Her Diamonds;Rob Thomas;2009;179
872;Poker Face;Lady Gaga;2009;415
873;Second Chance;Shinedown;2009;404
874;Alright;Darius Rucker;2009;157
875;Summer Nights;Rascal Flatts;2009;68
876;Birthday Sex;Jeremih;2009;492
877;People Are Crazy;Billy Currington;2009;191
878;Never Say Never;The Fray;2009;33
879;You're A Jerk;New Boyz;2009;176
880;Say Hey (I Love You);Michael Franti & Spearhead Featuring Cherine Anderson;2009;8
881;Halo;Beyonce;2009;408
882;One Time;Justin Bieber;2009;6
883;Fallin' For You;Colbie Caillat;2009;75
884;Make Her Say;Kid Cudi Featuring Kanye West & Common;2009;17
885;Don't Trust Me;3OH!3;2009;417
886;Toes;Zac Brown Band;2009;2
887;Sweet Dreams;Beyonce;2009;1
888;Wanted;Jessie James;2009;11
889;If Today Was Your Last Day;Nickelback;2009;296
890;You Found Me;The Fray;2009;219
891;Wetter (Calling You Daddy);Twista Featuring Erika Shevon;2009;27
892;Love Story;Taylor Swift;2009;168
893;Ego;Beyonce;2009;60
894;That's Not My Name;The Ting Tings;2009;48
895;I Run To You;Lady Antebellum;2009;154
896;So Fine;Sean Paul;2009;1
897;Remember Me;T.I. Featuring Mary J. Blige;2009;22
898;Here We Go Again;Demi Lovato;2009;63
899;Right Round;Flo Rida;2009;205
900;Whatever It Is;Zac Brown Band;2009;174
901;He Could Be The One;Hannah Montana;2009;71
902;Best Days Of Your Life;Kellie Pickler;2009;16
903;Day 'N' Nite;Kid Cudi;2009;227
904;Blame It;Jamie Foxx Featuring T-Pain;2009;236
905;Gives You Hell;The All-American Rejects;2009;102
906;I Do Not Hook Up;Kelly Clarkson;2009;164
907;Goodbye;Kristinia DeBarge;2009;198
908;Out Last Night;Kenny Chesney;2009;148
909;Just Dance;Lady Gaga Featuring Colby O'Donis;2009;109
910;Then;Brad Paisley;2009;100
911;Sideways;Dierks Bentley;2009;75
912;D.O.A. (Death Of Auto-Tune);JAY-Z;2009;35
913;My Life Would Suck Without You;Kelly Clarkson;2009;76
914;Sugar;Flo Rida Featuring Wynter;2009;123
915;Turn My Swag On;Soulja Boy Tell'em;2009;95
916;Kiss A Girl;Keith Urban;2009;80
917;Kiss Me Thru The Phone;Soulja Boy Tell 'em Featuring Sammie;2009;79
918;All The Above;Maino Featuring T-Pain;2009;31
919;Dead And Gone;T.I. Featuring Justin Timberlake;2009;50
920;Boyfriend #2;Pleasure P;2009;16
921;If U Seek Amy;Britney Spears;2009;31
922;Know Your Enemy;Green Day;2009;24
923;We Made You;Eminem;2009;14
924;Funny The Way It Is;Dave Matthews Band;2009;5
925;1, 2, 3, 4;Plain White T's;2009;5
926;It Happens;Sugarland;2009;7
927;No Boundaries;Kris Allen;2009;28
928;Don't Stop Believin';Glee Cast;2009;22
929;Heartless;Kris Allen;2009;18
930;Mad World;Adam Lambert;2009;7
931;She's Country;Jason Aldean;2009;2
932;Love The Way You Lie;Eminem Featuring Rihanna;2010;447
933;Dynamite;Taio Cruz;2010;467
934;Teenage Dream;Katy Perry;2010;211
935;I Like It;Enrique Iglesias Featuring Pitbull;2010;423
936;DJ Got Us Fallin' In Love;Usher Featuring Pitbull;2010;246
937;Right Above It;Lil Wayne Featuring Drake;2010;45
938;Cooler Than Me;Mike Posner;2010;532
939;California Gurls;Katy Perry Featuring Snoop Dogg;2010;634
940;Just The Way You Are;Bruno Mars;2010;131
941;Magic;B.o.B Featuring Rivers Cuomo;2010;172
942;Airplanes;B.o.B Featuring Hayley Williams;2010;603
943;Just A Dream;Nelly;2010;39
944;Ridin' Solo;Jason Derulo;2010;450
945;Mine;Taylor Swift;2010;128
946;Not Afraid;Eminem;2010;515
947;Take It Off;Ke$ha;2010;90
948;Billionaire;Travie McCoy Featuring Bruno Mars;2010;564
949;Find Your Love;Drake;2010;524
950;Misery;Maroon 5;2010;198
951;OMG;Usher Featuring will.i.am;2010;575
952;Club Can't Handle Me;Flo Rida Featuring David Guetta;2010;108
953;Your Love;Nicki Minaj;2010;340
954;Need You Now;Lady Antebellum;2010;378
955;The Only Exception;Paramore;2010;136
956;Stuck Like Glue;Sugarland;2010;103
957;Hey, Soul Sister;Train;2010;452
958;Bottoms Up;Trey Songz Featuring Nicki Minaj;2010;53
959;Teach Me How To Dougie;Cali Swag District;2010;95
960;Deuces;Chris Brown Featuring Tyga & Kevin McCall;2010;34
961;Break Your Heart;Taio Cruz Featuring Ludacris;2010;470
962;The Boys of Fall;Kenny Chesney;2010;75
963;If I Had You;Adam Lambert;2010;28
964;There Goes My Baby;Usher;2010;199
965;Half Of My Heart;John Mayer;2010;56
966;Smile;Uncle Kracker;2010;91
967;Secrets;OneRepublic;2010;54
968;Impossible;Shontelle;2010;376
969;Alejandro;Lady Gaga;2010;463
970;Bulletproof;La Roux;2010;450
971;Miss Me;Drake Featuring Lil Wayne;2010;50
972;Pretty Boy Swag;Soulja Boy Tell'em;2010;72
973;E.T.;Katy Perry Featuring Kanye West;2010;9
974;Animal;Neon Trees;2010;8
975;Pretty Good At Drinkin' Beer;Billy Currington;2010;33
976;Got Your Back;T.I. Featuring Keri Hilson;2010;59
977;Your Love Is My Drug;Ke$ha;2010;443
978;If I Die Young;The Band Perry;2010;4
979;Why Wait;Rascal Flatts;2010;3
980;Love Like Crazy;Lee Brice;2010;26
981;Breakeven;The Script;2010;255
982;All About Tonight;Blake Shelton;2010;14
983;Free;Zac Brown Band;2010;115
984;Un-Thinkable (I'm Ready);Alicia Keys;2010;282
985;Undo It;Carrie Underwood;2010;277
986;Lover, Lover;Jerrod Niemann;2010;126
987;If It's Love;Train;2010;4
988;The Catalyst;Linkin Park;2010;16
989;My First Kiss;3OH!3 Featuring Ke$ha;2010;299
990;Gettin' Over You;David Guetta & Chris Willis Featuring Fergie & LMFAO;2010;83
991;Letting Go (Dutty Love);Sean Kingston Featuring Nicki Minaj;2010;5
992;Ride;Ciara Featuring Ludacris;2010;28
993;Nothin' On You;B.o.B Featuring Bruno Mars;2010;326
994;2012 (It Ain't The End);Jay Sean Featuring Nicki Minaj;2010;1
995;Round & Round;Selena Gomez & The Scene;2010;67
996;All I Do Is Win;DJ Khaled Featuring T-Pain, Ludacris, Snoop Dogg & Rick Ross;2010;199
997;In My Head;Jason Derulo;2010;228
998;Haven't Met You Yet;Michael Buble;2010;166
999;Somebody To Love;Justin Bieber Featuring Usher;2010;153
1000;Hello Good Morning;Diddy - Dirty Money Featuring T.I.;2010;79
1001;Jar Of Hearts;Christina Perri;2010;17
1002;Rain Is A Good Thing;Luke Bryan;2010;56
1003;Pray For You;Jaron And The Long Road To Love;2010;95
1004;Rock That Body;The Black Eyed Peas;2010;246
1005;Waka Waka (This Time For Africa);Shakira Featuring Freshlyground;2010;55
1006;The House That Built Me;Miranda Lambert;2010;130
1007;This Afternoon;Nickelback;2010;87
1008;POWER;Kanye West;2010;51
1009;Rude Boy;Rihanna;2010;184
1010;Water;Brad Paisley;2010;35
1011;Telephone;Lady Gaga Featuring Beyonce;2010;114
1012;Can't Be Tamed;Miley Cyrus;2010;176
1013;Over;Drake;2010;125
1014;I Never Told You;Colbie Caillat;2010;3
1015;Whataya Want From Me;Adam Lambert;2010;58
1016;Young Forever;Jay-Z + Mr. Hudson;2010;175
1017;I Gotta Feeling;The Black Eyed Peas;2010;41
1018;No Love;Eminem Featuring Lil Wayne;2010;28
1019;TiK ToK;Ke$ha;2010;68
1020;I Made It (Cash Money Heroes);Kevin Rudolf Featuring Birdman, Jay Sean, & Lil Wayne;2010;63
1021;If We Ever Meet Again;Timbaland Featuring Katy Perry;2010;44
1022;My Chick Bad;Ludacris Featuring Nicki Minaj;2010;80
1023;Up All Night;Drake Featuring Nicki Minaj;2010;2
1024;Bad Romance;Lady Gaga;2010;41
1025;Never Say Never;Justin Bieber Featuring Jaden Smith;2010;18
1026;Faithfully;Glee Cast;2010;14
1027;Over The Rainbow;Glee Cast;2010;7
1028;Eenie Meenie;Sean Kingston & Justin Bieber;2010;45
1029;Yeah Ya Know (Takers);T.I.;2010;7
1030;Imma Be;The Black Eyed Peas;2010;18
1031;Lose My Mind;Young Jeezy Featuring Plies;2010;6
1032;Hey Daddy (Daddy's Home);Usher Featuring Plies;2010;7
1033;Poker Face;Glee Cast;2010;31
1034;Beautiful Day;Lee DeWyze;2010;27
1035;Winner;Jamie Foxx Featuring Justin Timberlake & T .I.;2010;13
1036;Say Aah;Trey Songz Featuring Fabolous;2010;8
1037;Hallelujah;Lee DeWyze;2010;7
1038;All The Right Moves;OneRepublic;2010;4
1039;Carry Out;Timbaland Featuring Justin Timberlake;2010;3
1040;Baby;Justin Bieber Featuring Ludacris;2010;1
1041;Last Friday Night (T.G.I.F.);Katy Perry;2011;503
1042;Party Rock Anthem;LMFAO Featuring Lauren Bennett & GoonRock;2011;629
1043;She Will;Lil Wayne Featuring Drake;2011;48
1044;Moves Like Jagger;Maroon 5 Featuring Christina Aguilera;2011;245
1045;Super Bass;Nicki Minaj;2011;581
1046;Lighters;Bad Meets Evil Featuring Bruno Mars;2011;324
1047;Pumped Up Kicks;Foster The People;2011;198
1048;How To Love;Lil Wayne;2011;512
1049;Good Life;OneRepublic;2011;494
1050;I Wanna Go;Britney Spears;2011;332
1051;Give Me Everything;Pitbull Featuring Ne-Yo, Afrojack & Nayer;2011;619
1052;Tonight Tonight;Hot Chelle Rae;2011;464
1053;Rolling In The Deep;Adele;2011;602
1054;If I Die Young;The Band Perry;2011;296
1055;Stereo Hearts;Gym Class Heroes Featuring Adam Levine;2011;90
1056;The Edge Of Glory;Lady Gaga;2011;551
1057;Cheers (Drink To That);Rihanna;2011;61
1058;I'm On One;DJ Khaled Featuring Drake, Rick Ross & Lil Wayne;2011;465
1059;You Make Me Feel...;Cobra Starship Featuring Sabi;2011;98
1060;Remind Me;Brad Paisley Duet With Carrie Underwood;2011;255
1061;Headlines;Drake;2011;68
1062;Just A Kiss;Lady Antebellum;2011;348
1063;Motivation;Kelly Rowland Featuring Lil Wayne;2011;385
1064;Best Thing I Never Had;Beyonce;2011;237
1065;Dirt Road Anthem;Jason Aldean;2011;467
1066;Barefoot Blue Jean Night;Jake Owen;2011;184
1067;Otis;Jay Z Kanye West Featuring Otis Redding;2011;113
1068;Country Girl (Shake It For Me);Luke Bryan;2011;252
1069;Knee Deep;Zac Brown Band Featuring Jimmy Buffett;2011;324
1070;Where Them Girls At;David Guetta Featuring Flo Rida & Nicki Minaj;2011;181
1071;Just Can't Get Enough;The Black Eyed Peas;2011;441
1072;Rain Over Me;Pitbull Featuring Marc Anthony;2011;71
1073;You And Tequila;Kenny Chesney Featuring Grace Potter;2011;132
1074;Someone Like You;Adele;2011;17
1075;You And I;Lady Gaga;2011;31
1076;She Ain't You;Chris Brown;2011;230
1077;E.T.;Katy Perry Featuring Kanye West;2011;486
1078;God Gave Me You;Blake Shelton;2011;19
1079;Every Teardrop Is A Waterfall;Coldplay;2011;118
1080;Take A Back Road;Rodney Atkins;2011;20
1081;Marvins Room;Drake;2011;65
1082;The Lazy Song;Bruno Mars;2011;439
1083;On The Floor;Jennifer Lopez Featuring Pitbull;2011;382
1084;Mr. Saxobeat;Alexandra Stan;2011;7
1085;Crazy Girl;Eli Young Band;2011;19
1086;Am I The Only One;Dierks Bentley;2011;39
1087;We Owned The Night;Lady Antebellum;2011;4
1088;Honey Bee;Blake Shelton;2011;328
1089;Take Over Control;Afrojack Featuring Eva Simons;2011;2
1090;Don't You Wanna Stay;Jason Aldean With Kelly Clarkson;2011;15
1091;It Girl;Jason Derulo;2011;12
1092;The Show Goes On;Lupe Fiasco;2011;387
1093;Out Of My Head;Lupe Fiasco Featuring Trey Songz;2011;44
1094;Who Gon Stop Me;Jay Z Kanye West;2011;7
1095;I'm Into You;Jennifer Lopez Featuring Lil Wayne;2011;17
1096;Till The World Ends;Britney Spears Featuring Nicki Minaj & Ke$ha;2011;316
1097;Sure Thing;Miguel;2011;90
1098;My Last;Big Sean Featuring Chris Brown;2011;139
1099;Don't Wanna Go Home;Jason Derulo;2011;342
1100;Look At Me Now;Chris Brown Featuring Lil Wayne & Busta Rhymes;2011;272
1101;Tomorrow;Chris Young;2011;75
1102;California King Bed;Rihanna;2011;22
1103;The Adventures Of Rain Dance Maggie;Red Hot Chili Peppers;2011;13
1104;Right There;Nicole Scherzinger Featuring 50 Cent;2011;24
1105;Love You Like A Love Song;Selena Gomez & The Scene;2011;37
1106;F**kin' Perfect;P!nk;2011;107
1107;F**k You! (Forget You);Cee Lo Green;2011;145
1108;Skyscraper;Demi Lovato;2011;41
1109;Blow;Ke$ha;2011;185
1110;Booty Wurk (One Cheek At A Time);T-Pain Featuring Joey Galaxy;2011;7
1111;Firework;Katy Perry;2011;86
1112;For The First Time;The Script;2011;96
1113;Best Love Song;T-Pain Featuring Chris Brown;2011;5
1114;Who Says;Selena Gomez & The Scene;2011;155
1115;Roll Up;Wiz Khalifa;2011;185
1116;Mean;Taylor Swift;2011;100
1117;If Heaven Wasn't So Far Away;Justin Moore;2011;2
1118;S&M;Rihanna Featuring Britney Spears;2011;117
1119;Stitch By Stitch;Javier Colon;2011;34
1120;Inventing Shadows;Dia Frampton;2011;31
1121;Dirty Dancer;Enrique Iglesias With Usher Featuring Lil Wayne;2011;49
1122;You Lie;The Band Perry;2011;34
1123;Man In The Mirror;Adam Levine & Javier Colon;2011;6
1124;Down On Me;Jeremih Featuring 50 Cent;2011;126
1125;Written In The Stars;Tinie Tempah Featuring Eric Turner;2011;90
1126;Hello;Martin Solveig & Dragonette;2011;14
1127;Price Tag;Jessie J Featuring B.o.B;2011;55
1128;All Of The Lights;Kanye West;2011;55
1129;Just The Way You Are;Bruno Mars;2011;20
1130;Monster;Paramore;2011;15
1131;Born This Way;Lady Gaga;2011;25
1132;Backseat;New Boyz Featuring The Cataracs & Dev;2011;27
1133;I Love You This Big;Scotty McCreery;2011;56
1134;I Won't Let Go;Rascal Flatts;2011;23
1135;Old Alabama;Brad Paisley Featuring Alabama;2011;10
1136;Grenade;Bruno Mars;2011;2
1137;Like My Mother Does;Lauren Alaina;2011;31
1138;Run The World (Girls);Beyonce;2011;22
1139;Light Up The World;Glee Cast;2011;18
1140;Pretending;Glee Cast;2011;11
1141;Racks;YC Featuring Future;2011;2
1142;We Are Never Ever Getting Back Together;Taylor Swift;2012;50
1143;Whistle;Flo Rida;2012;353
1144;Lights;Ellie Goulding;2012;569
1145;Call Me Maybe;Carly Rae Jepsen;2012;643
1146;Wide Awake;Katy Perry;2012;563
1147;Some Nights;fun.;2012;314
1148;Payphone;Maroon 5 Featuring Wiz Khalifa;2012;621
1149;As Long As You Love Me;Justin Bieber Featuring Big Sean;2012;171
1150;One More Night;Maroon 5;2012;108
1151;Titanium;David Guetta Featuring Sia;2012;507
1152;Somebody That I Used To Know;Gotye Featuring Kimbra;2012;610
1153;Blow Me (One Last Kiss);P!nk;2012;244
1154;Good Time;Owl City & Carly Rae Jepsen;2012;276
1155;Everybody Talks;Neon Trees;2012;364
1156;Where Have You Been;Rihanna;2012;559
1157;Want U Back;Cher Lloyd;2012;258
1158;Home;Phillip Phillips;2012;169
1159;Give Your Heart A Break;Demi Lovato;2012;353
1160;Mercy;Kanye West, Big Sean, Pusha T, 2 Chainz;2012;435
1161;Too Close;Alex Clare;2012;131
1162;Let's Go;Calvin Harris Featuring Ne-Yo;2012;258
1163;Pound The Alarm;Nicki Minaj;2012;52
1164;Pontoon;Little Big Town;2012;168
1165;Scream;Usher;2012;500
1166;I Won't Give Up;Jason Mraz;2012;334
1167;What Makes You Beautiful;One Direction;2012;488
1168;We Are Young;fun. Featuring Janelle Monae;2012;516
1169;No Lie;2 Chainz Featuring Drake;2012;181
1170;Wanted;Hunter Hayes;2012;88
1171;Blown Away;Carrie Underwood;2012;38
1172;Starships;Nicki Minaj;2012;487
1173;Work Hard, Play Hard;Wiz Khalifa;2012;215
1174;Wild Ones;Flo Rida Featuring Sia;2012;460
1175;Angel Eyes;Love And Theft;2012;86
1176;We Run The Night;Havana Brown Featuring Pitbull;2012;166
1177;Come Over;Kenny Chesney;2012;253
1178;I Will Wait;Mumford & Sons;2012;42
1179;Take A Little Ride;Jason Aldean;2012;92
1180;Drive By;Train;2012;359
1181;Glad You Came;The Wanted;2012;407
1182;Don't Wake Me Up;Chris Brown;2012;10
1183;Heart Attack;Trey Songz;2012;55
1184;Over;Blake Shelton;2012;16
1185;Stronger (What Doesn't Kill You);Kelly Clarkson;2012;292
1186;Dark Side;Kelly Clarkson;2012;24
1187;(Kissed You) Good Night;Gloriana;2012;99
1188;Tongue Tied;Grouplove;2012;26
1189;Ho Hey;The Lumineers;2012;5
1190;She's So Mean;matchbox twenty;2012;2
1191;Little Talks;Of Monsters And Men;2012;1
1192;Lemme See;Usher Featuring Rick Ross;2012;22
1193;Cashin' Out;Ca$h Out;2012;147
1194;Drunk On You;Luke Bryan;2012;315
1195;Chasing The Sun;The Wanted;2012;1
1196;Feel So Close;Calvin Harris;2012;242
1197;One Thing;One Direction;2012;79
1198;Brokenhearted;Karmin;2012;241
1199;5-1-5-0;Dierks Bentley;2012;103
1200;Even If It Breaks Your Heart;Eli Young Band;2012;145
1201;Boyfriend;Justin Bieber;2012;311
1202;Springsteen;Eric Church;2012;229
1203;The Fighter;Gym Class Heroes Featuring Ryan Tedder;2012;150
1204;Settle Down;No Doubt;2012;17
1205;Back In Time;Pitbull;2012;268
1206;Part Of Me;Katy Perry;2012;143
1207;The Motto;Drake Featuring Lil Wayne;2012;154
1208;Both Of Us;B.o.B Featuring Taylor Swift;2012;10
1209;Drank In My Cup;Kirko Bangz;2012;118
1210;Burn It Down;Linkin Park;2012;5
1211;Take Care;Drake Featuring Rihanna;2012;133
1212;Party Rock Anthem;LMFAO Featuring Lauren Bennett & GoonRock;2012;42
1213;Beez In The Trap;Nicki Minaj Featuring 2 Chainz;2012;6
1214;Climax;Usher;2012;75
1215;We Found Love;Rihanna Featuring Calvin Harris;2012;51
1216;Good Girl;Carrie Underwood;2012;98
1217;Somethin' 'Bout A Truck;Kip Moore;2012;74
1218;Set Fire To The Rain;Adele;2012;47
1219;You Don't Know Her Like I Do;Brantley Gilbert;2012;4
1220;Rumour Has It;Adele;2012;77
1221;Faded;Tyga Featuring Lil Wayne;2012;50
1222;Sexy And I Know It;LMFAO;2012;23
1223;All Around The World;Justin Bieber Featuring Ludacris;2012;29
1224;My Homies Still;Lil Wayne Featuring Big Sean;2012;13
1225;Birthday Cake;Rihanna Featuring Chris Brown;2012;42
1226;Good Feeling;Flo Rida;2012;12
1227;Die In Your Arms;Justin Bieber;2012;34
1228;Fly Over States;Jason Aldean;2012;21
1229;Turn Me On;David Guetta Featuring Nicki Minaj;2012;5
1230;Dance Again;Jennifer Lopez Featuring Pitbull;2012;17
1231;Moves Like Jagger;Maroon 5 Featuring Christina Aguilera;2012;3
1232;No Hurry;Zac Brown Band;2012;1
1233;Blurred Lines;Robin Thicke Featuring T.I. + Pharrell;2013;595
1234;Roar;Katy Perry;2013;49
1235;We Can't Stop;Miley Cyrus;2013;497
1236;Radioactive;Imagine Dragons;2013;562
1237;Holy Grail;Jay Z Featuring Justin Timberlake;2013;268
1238;Applause;Lady Gaga;2013;45
1239;Get Lucky;Daft Punk Featuring Pharrell Williams;2013;572
1240;Treasure;Bruno Mars;2013;496
1241;Cups (Pitch Perfect's When I'm Gone);Anna Kendrick;2013;457
1242;Safe And Sound;Capital Cities;2013;275
1243;Wake Me Up!;Avicii;2013;113
1244;Clarity;Zedd Featuring Foxes;2013;437
1245;Love Somebody;Maroon 5;2013;388
1246;Same Love;Macklemore & Ryan Lewis Featuring Mary Lambert;2013;349
1247;Summertime Sadness;Lana Del Rey & Cedric Gervais;2013;118
1248;That's My Kind Of Night;Luke Bryan;2013;35
1249;Royals;Lorde;2013;73
1250;Can't Hold Us;Macklemore & Ryan Lewis Featuring Ray Dalton;2013;526
1251;Cruise;Florida Georgia Line Featuring Nelly;2013;513
1252;Mirrors;Justin Timberlake;2013;503
1253;Best Song Ever;One Direction;2013;148
1254;Crash My Party;Luke Bryan;2013;282
1255;I Need Your Love;Calvin Harris Featuring Ellie Goulding;2013;324
1256;Hold On, We're Going Home;Drake Featuring Majid Jordan;2013;57
1257;The Other Side;Jason Derulo;2013;342
1258;Gone, Gone, Gone;Phillip Phillips;2013;206
1259;The Way;Ariana Grande Featuring Mac Miller;2013;436
1260;Just Give Me A Reason;P!nk Featuring Nate Ruess;2013;438
1261;Sail;AWOLNATION;2013;185
1262;I Want Crazy;Hunter Hayes;2013;280
1263;Come & Get It;Selena Gomez;2013;446
1264;Don't Ya;Brett Eldredge;2013;108
1265;Little Bit Of Everything;Keith Urban;2013;32
1266;See You Again;Carrie Underwood;2013;55
1267;Gas Pedal;Sage The Gemini Featuring IamSu!;2013;40
1268;Round Here;Florida Georgia Line;2013;80
1269;Runnin' Outta Moonlight;Randy Houser;2013;170
1270;Power Trip;J. Cole Featuring Miguel;2013;318
1271;Thrift Shop;Macklemore & Ryan Lewis Featuring Wanz;2013;311
1272;It Goes Like This;Thomas Rhett;2013;13
1273;Body Party;Ciara;2013;197
1274;Night Train;Jason Aldean;2013;13
1275;Take Back The Night;Justin Timberlake;2013;55
1276;Stay;Rihanna Featuring Mikky Ekko;2013;312
1277;Still Into You;Paramore;2013;6
1278;Brave;Sara Bareilles;2013;5
1279;Redneck Crazy;Tyler Farr;2013;27
1280;Boys 'round Here;Blake Shelton Featuring Pistol Annies & Friends;2013;290
1281;When I Was Your Man;Bruno Mars;2013;278
1282;Crooked Smile;J. Cole Featuring TLC;2013;8
1283;I Love It;Icona Pop Featuring Charli XCX;2013;367
1284;Don't Drop That Thun Thun!;The FiNATTiCZ;2013;28
1285;U.O.E.N.O.;Rocko Featuring Future & Rick Ross;2013;199
1286;Bad;Wale Featuring Tiara Thomas Or Rihanna;2013;213
1287;Ho Hey;The Lumineers;2013;95
1288;My Songs Know What You Did In The Dark (Light Em Up);Fall Out Boy;2013;284
1289;Tapout;Rich Gang Featuring Lil Wayne, Birdman, Future, Mack Maine, Nicki Minaj;2013;26
1290;Wagon Wheel;Darius Rucker;2013;198
1291;Beneath Your Beautiful;Labrinth Featuring Emeli Sande;2013;18
1292;Baby I;Ariana Grande;2013;30
1293;Everything Has Changed;Taylor Swift Featuring Ed Sheeran;2013;10
1294;Hey Pretty Girl;Kip Moore;2013;33
1295;Crazy Kids;Ke$ha Featuring will.i.am Or Juicy J;2013;31
1296;#Beautiful;Mariah Carey Featuring Miguel;2013;251
1297;DONE.;The Band Perry;2013;21
1298;Rich As F**k;Lil Wayne Featuring 2 Chainz;2013;76
1299;Right Now;Rihanna Featuring David Guetta;2013;1
1300;Tom Ford;JAY-Z;2013;12
1301;I'm Out;Ciara Featuring Nicki Minaj;2013;8
1302;No New Friends (SFTB Remix);DJ Khaled Featuring Drake, Rick Ross & Lil Wayne;2013;42
1303;Bitch, Don't Kill My Vibe;Kendrick Lamar;2013;72
1304;Started From The Bottom;Drake;2013;84
1305;Feel This Moment;Pitbull Featuring Christina Aguilera;2013;107
1306;Suit & Tie;Justin Timberlake Featuring JAY Z;2013;51
1307;Highway Don't Care;Tim McGraw With Taylor Swift;2013;105
1308;Heart Attack;Demi Lovato;2013;125
1309;Here's To Never Growing Up;Avril Lavigne;2013;103
1310;Beat This Summer;Brad Paisley;2013;6
1311;22;Taylor Swift;2013;83
1312;Counting Stars;OneRepublic;2013;19
1313;Anywhere With You;Jake Owen;2013;9
1314;I Knew You Were Trouble.;Taylor Swift;2013;21
1315;Next To Me;Emeli Sande;2013;56
1316;Love Me;Lil Wayne Featuring Drake & Future;2013;31
1317;Lego House;Ed Sheeran;2013;1
1318;We Own It (Fast & Furious);2 Chainz & Wiz Khalifa;2013;58
1319;#thatPOWER;will.i.am Featuring Justin Bieber;2013;48
1320;Wasting All These Tears;Cassadee Pope;2013;14
1321;Fine China;Chris Brown;2013;15
1322;Locked Out Of Heaven;Bruno Mars;2013;7
1323;Get Your Shine On;Florida Georgia Line;2013;6
1324;Bugatti;Ace Hood Featuring Future & Rick Ross;2013;2
1325;Young And Beautiful;Lana Del Rey;2013;1
1326;Shake It Off;Taylor Swift;2014;50
1327;Anaconda;Nicki Minaj;2014;93
1328;All About That Bass;Meghan Trainor;2014;210
1329;Stay With Me;Sam Smith;2014;587
1330;Rude;MAGIC!;2014;627
1331;Black Widow;Iggy Azalea Featuring Rita Ora;2014;184
1332;Break Free;Ariana Grande Featuring Zedd;2014;285
1333;Chandelier;Sia;2014;405
1334;Bang Bang;Jessie J, Ariana Grande & Nicki Minaj;2014;170
1335;Am I Wrong;Nico & Vinz;2014;592
1336;Fancy;Iggy Azalea Featuring Charli XCX;2014;629
1337;Boom Clap;Charli XCX;2014;369
1338;Problem;Ariana Grande Featuring Iggy Azalea;2014;606
1339;Maps;Maroon 5;2014;413
1340;Rather Be;Clean Bandit Featuring Jess Glynne;2014;226
1341;Bailando;Enrique Iglesias Featuring Descemer Bueno & Gente de Zona;2014;317
1342;Latch;Disclosure Featuring Sam Smith;2014;499
1343;Don't Tell 'Em;Jeremih Featuring YG;2014;123
1344;Shower;Becky G;2014;258
1345;All Of Me;John Legend;2014;548
1346;Happy;Pharrell Williams;2014;501
1347;Burnin' It Down;Jason Aldean;2014;157
1348;Habits (Stay High);Tove Lo;2014;81
1349;Dirt;Florida Georgia Line;2014;208
1350;Cool Kids;Echosmith;2014;55
1351;Really Don't Care;Demi Lovato Featuring Cher Lloyd;2014;166
1352;American Kids;Kenny Chesney;2014;209
1353;Summer;Calvin Harris;2014;501
1354;2 On;Tinashe Featuring ScHoolboy Q;2014;207
1355;Dark Horse;Katy Perry Featuring Juicy J;2014;455
1356;Love Runs Out;OneRepublic;2014;361
1357;A Sky Full Of Stars;Coldplay;2014;81
1358;Drunk On A Plane;Dierks Bentley;2014;216
1359;Loyal;Chris Brown Featuring Lil Wayne & French Montana Or Too $hort Or Tyga;2014;320
1360;Bartender;Lady Antebellum;2014;144
1361;This Is How We Do;Katy Perry;2014;15
1362;New Flame;Chris Brown Featuring Usher & Rick Ross;2014;27
1363;Lifestyle;Rich Gang Featuring Young Thug & Rich Homie Quan;2014;20
1364;No Mediocre;T.I. Featuring Iggy Azalea;2014;38
1365;Wiggle;Jason Derulo Featuring Snoop Dogg;2014;480
1366;Counting Stars;OneRepublic;2014;276
1367;Turn Down For What;DJ Snake & Lil Jon;2014;444
1368;Hot Boy;Bobby Shmurda;2014;8
1369;Come With Me Now;KONGOS;2014;157
1370;Studio;ScHoolboy Q Featuring BJ The Chicago Kid;2014;59
1371;Amnesia;5 Seconds Of Summer;2014;40
1372;Don't;Ed Sheeran;2014;10
1373;Leave The Night On;Sam Hunt;2014;6
1374;We Dem Boyz;Wiz Khalifa;2014;10
1375;Pills N Potions;Nicki Minaj;2014;106
1376;I Don't Dance;Lee Brice;2014;105
1377;Classic;MKTO;2014;335
1378;Believe Me;Lil Wayne Featuring Drake;2014;174
1379;Pompeii;Bastille;2014;243
1380;Meanwhile Back At Mama's;Tim McGraw Featuring Faith Hill;2014;14
1381;Best Mistake;Ariana Grande Featuring Big Sean;2014;2
1382;This Is How We Roll;Florida Georgia Line Featuring Luke Bryan;2014;181
1383;Somethin' Bad;Miranda Lambert Duet With Carrie Underwood;2014;49
1384;Ain't It Fun;Paramore;2014;304
1385;Talk Dirty;Jason Derulo Featuring 2 Chainz;2014;258
1386;It Was Always You;Maroon 5;2014;6
1387;Come Get It Bae;Pharrell Williams;2014;31
1388;Na Na;Trey Songz;2014;181
1389;Yeah;Joe Nichols;2014;34
1390;Not A Bad Thing;Justin Timberlake;2014;244
1391;Me And My Broken Heart;Rixton;2014;194
1392;Everything I Didn't Say;5 Seconds Of Summer;2014;27
1393;Word Crimes;"""Weird Al"" Yankovic";2014;12
1394;Beachin';Jake Owen;2014;167
1395;Best Day Of My Life;American Authors;2014;110
1396;Sing;Ed Sheeran;2014;218
1397;Bo$$;Fifth Harmony;2014;8
1398;Let It Go;Idina Menzel;2014;153
1399;Play It Again;Luke Bryan;2014;156
1400;Wasted;Tiesto Featuring Matthew Koma;2014;2
1401;Who I Am With You;Chris Young;2014;5
1402;Birthday;Katy Perry;2014;170
1403;My Eyes;Blake Shelton Featuring Gwen Sebastian;2014;35
1404;Timber;Pitbull Featuring Ke$ha;2014;64
1405;Life Of The Party;Shawn Mendes;2014;27
1406;Love Never Felt So Good;Michael Jackson & Justin Timberlake;2014;88
1407;Wake Me Up!;Avicii;2014;57
1408;Kiss Me Kiss Me;5 Seconds Of Summer;2014;23
1409;Afire Love;Ed Sheeran;2014;14
1410;She Looks So Perfect;5 Seconds Of Summer;2014;73
1411;Demons;Imagine Dragons;2014;33
1412;Cut Her Off;KCamp Featuring 2 Chainz;2014;2
1413;Hangover;PSY Featuring Snoop Dogg;2014;25
1414;Team;Lorde;2014;45
1415;Or Nah;Ty Dolla $ign Featuring Wiz Khalifa & DJ Mustard;2014;3
1416;Lettin' The Night Roll;Justin Moore;2014;3
1417;Beat Of The Music;Brett Eldredge;2014;10
1418;Automatic;Miranda Lambert;2014;27
1419;Bottoms Up;Brantley Gilbert;2014;23
1420;La La La;Naughty Boy Featuring Sam Smith;2014;32
1421;Show Me;Kid Ink Featuring Chris Brown;2014;19
1422;Story Of My Life;One Direction;2014;9
1423;Good Girls;5 Seconds Of Summer;2014;17
1424;Wild Wild Love;Pitbull Featuring G.R.L.;2014;6
1425;Partition;Beyonce;2014;5
1426;Move That Doh;Future Featuring Pharrell, Pusha T & Casino;2014;3
1427;Cheerleader;OMI;2015;612
1428;Can't Feel My Face;The Weeknd;2015;499
1429;Watch Me;Silento;2015;571
1430;Lean On;Major Lazer & DJ Snake Featuring MO;2015;494
1431;The Hills;The Weeknd;2015;470
1432;Good For You;Selena Gomez Featuring A$AP Rocky;2015;344
1433;Fight Song;Rachel Platten;2015;493
1434;679;Fetty Wap Featuring Remy Boyz;2015;265
1435;Trap Queen;Fetty Wap;2015;592
1436;Shut Up And Dance;WALK THE MOON;2015;563
1437;My Way;Fetty Wap Featuring Monty;2015;211
1438;Bad Blood;Taylor Swift Featuring Kendrick Lamar;2015;606
1439;See You Again;Wiz Khalifa Featuring Charlie Puth;2015;610
1440;Where Are U Now;Skrillex & Diplo With Justin Bieber;2015;487
1441;Photograph;Ed Sheeran;2015;306
1442;Locked Away;R. City Featuring Adam Levine;2015;77
1443;Cool For The Summer;Demi Lovato;2015;217
1444;Uptown Funk!;Mark Ronson Featuring Bruno Mars;2015;507
1445;Worth It;Fifth Harmony Featuring Kid Ink;2015;462
1446;Want To Want Me;Jason Derulo;2015;474
1447;Honey, I'm Good.;Andy Grammer;2015;492
1448;Classic Man;Jidenna Featuring Roman GianArthur;2015;225
1449;Uma Thurman;Fall Out Boy;2015;167
1450;Post To Be;Omarion Featuring Chris Brown & Jhene Aiko;2015;404
1451;Marvin Gaye;Charlie Puth Featuring Meghan Trainor;2015;88
1452;House Party;Sam Hunt;2015;130
1453;Hey Mama;David Guetta Featuring Nicki Minaj, Bebe Rexha & Afrojack;2015;486
1454;Flex (Ooh Ooh Ooh);Rich Homie Quan;2015;289
1455;Sugar;Maroon 5;2015;403
1456;Thinking Out Loud;Ed Sheeran;2015;338
1457;Drag Me Down;One Direction;2015;93
1458;Stitches;Shawn Mendes;2015;54
1459;Earned It (Fifty Shades Of Grey);The Weeknd;2015;405
1460;Hotline Bling;Drake;2015;17
1461;Back To Back;Drake;2015;65
1462;Crash And Burn;Thomas Rhett;2015;53
1463;Renegades;X Ambassadors;2015;25
1464;Straight Outta Compton;N.W.A;2015;13
1465;Kick The Dust Up;Luke Bryan;2015;188
1466;Again;Fetty Wap;2015;29
1467;Hit The Quan;iLoveMemphis;2015;10
1468;She's Kinda Hot;5 Seconds Of Summer;2015;65
1469;I Don't Like It, I Love It;Flo Rida Featuring Robin Thicke & Verdine White;2015;18
1470;Buy Me A Boat;Chris Janson;2015;17
1471;B**** Better Have My Money;Rihanna;2015;298
1472;Love Me Like You Do;Ellie Goulding;2015;282
1473;All Eyes On You;Meek Mill Featuring Chris Brown & Nicki Minaj;2015;136
1474;John Cougar, John Deere, John 3:16;Keith Urban;2015;6
1475;Talking Body;Tove Lo;2015;316
1476;Boyz-N-The Hood;Eazy-E;2015;1
1477;Loving You Easy;Zac Brown Band;2015;20
1478;You Know You Like It;DJ Snake & AlunaGeorge;2015;303
1479;Nasty Freestyle;T-Wayne;2015;256
1480;Rotten To The Core;Dove Cameron, Cameron Boyce, Booboo Stewart & Sofia Carson;2015;16
1481;Take Your Time;Sam Hunt;2015;157
1482;Slow Motion;Trey Songz;2015;179
1483;R.I.C.O.;Meek Mill Featuring Drake;2015;30
1484;Girl Crush;Little Big Town;2015;213
1485;Elastic Heart;Sia;2015;164
1486;Be Real;Kid Ink Featuring DeJ Loaf;2015;64
1487;Shake It Off;Taylor Swift;2015;75
1488;Fun;Pitbull Featuring Chris Brown;2015;63
1489;One Hell Of An Amen;Brantley Gilbert;2015;8
1490;Tonight Looks Good On You;Jason Aldean;2015;7
1491;This Summer's Gonna Hurt...;Maroon 5;2015;181
1492;Sangria;Blake Shelton;2015;91
1493;Somebody;Natalie La Rose Featuring Jeremih;2015;111
1494;Style;Taylor Swift;2015;93
1495;The Night Is Still Young;Nicki Minaj;2015;99
1496;Love You Like That;Canaan Smith;2015;5
1497;G.D.F.R.;Flo Rida Featuring Sage The Gemini & Lookas;2015;80
1498;Budapest;George Ezra;2015;86
1499;Blank Space;Taylor Swift;2015;55
1500;Dear Future Husband;Meghan Trainor;2015;97
1501;Love Me Like You Mean It;Kelsea Ballerini;2015;13
1502;Little Toy Guns;Carrie Underwood;2015;8
1503;Bright;Echosmith;2015;34
1504;Blessings;Big Sean Featuring Drake;2015;21
1505;Sippin' On Fire;Florida Georgia Line;2015;16
1506;Time Of Our Lives;Pitbull & Ne-Yo;2015;8
1507;Chains;Nick Jonas;2015;26
1508;Phenomenal;Eminem;2015;4
1509;Don't It;Billy Currington;2015;3
1510;Pretty Girls;Britney Spears & Iggy Azalea;2015;6
1511;One Last Time;Ariana Grande;2015;5
1512;Smoke;A Thousand Horses;2015;3
1513;All About That Bass;Meghan Trainor;2015;2
1514;Closer;The Chainsmokers Featuring Halsey;2016;137
1515;Cheap Thrills;Sia Featuring Sean Paul;2016;573
1516;Cold Water;Major Lazer Featuring Justin Bieber & MO;2016;192
1517;Heathens;twenty one pilots;2016;322
1518;This Is What You Came For;Calvin Harris Featuring Rihanna;2016;594
1519;Ride;twenty one pilots;2016;517
1520;One Dance;Drake Featuring WizKid & Kyla;2016;636
1521;Don't Let Me Down;The Chainsmokers Featuring Daya;2016;597
1522;Can't Stop The Feeling!;Justin Timberlake;2016;613
1523;Send My Love (To Your New Lover);Adele;2016;453
1524;Needed Me;Rihanna;2016;557
1525;Treat You Better;Shawn Mendes;2016;252
1526;Into You;Ariana Grande;2016;207
1527;Too Good;Drake Featuring Rihanna;2016;351
1528;For Free;DJ Khaled Featuring Drake;2016;332
1529;Sucker For Pain;Lil Wayne, Wiz Khalifa & Imagine Dragons With Logic & Ty Dolla $ign Feat. X Ambassadors;2016;103
1530;Panda;Desiigner;2016;569
1531;We Don't Talk Anymore;Charlie Puth Featuring Selena Gomez;2016;171
1532;Let Me Love You;DJ Snake Featuring Justin Bieber;2016;71
1533;Never Be Like You;Flume Featuring Kai;2016;237
1534;Broccoli;D.R.A.M. Featuring Lil Yachty;2016;140
1535;Controlla;Drake;2016;396
1536;Gold;Kiiara;2016;102
1537;Just Like Fire;P!nk;2016;483
1538;Me Too;Meghan Trainor;2016;386
1539;Work From Home;Fifth Harmony Featuring Ty Dolla $ign;2016;511
1540;All In My Head (Flex);Fifth Harmony Featuring Fetty Wap;2016;170
1541;I Hate U I Love U;gnash Featuring Olivia O'Brien;2016;108
1542;H.O.L.Y.;Florida Georgia Line;2016;413
1543;Luv;Tory Lanez;2016;38
1544;Don't Mind;Kent Jones;2016;480
1545;I Took A Pill In Ibiza;Mike Posner;2016;459
1546;No Limit;Usher Featuring Young Thug;2016;32
1547;Stressed Out;twenty one pilots;2016;333
1548;Hymn For The Weekend;Coldplay;2016;46
1549;Sit Still, Look Pretty;Daya;2016;15
1550;Tiimmy Turner;Desiigner;2016;46
1551;Work;Rihanna Featuring Drake;2016;385
1552;Rise;Katy Perry;2016;90
1553;7 Years;Lukas Graham;2016;395
1554;Low Life;Future Featuring The Weeknd;2016;256
1555;This Girl;Kungs vs Cookin' On 3 Burners;2016;9
1556;Gangsta;Kehlani;2016;8
1557;I Got The Keys;DJ Khaled Featuring Jay Z & Future;2016;101
1558;Unsteady;X Ambassadors;2016;37
1559;Love Yourself;Justin Bieber;2016;282
1560;Cake By The Ocean;DNCE;2016;245
1561;Peter Pan;Kelsea Ballerini;2016;3
1562;From The Ground Up;Dan + Shay;2016;11
1563;Make You Miss Me;Sam Hunt;2016;6
1564;Purple Lamborghini;Skrillex & Rick Ross;2016;18
1565;Make Me...;Britney Spears Featuring G-Eazy;2016;42
1566;Let It Go;James Bay;2016;250
1567;Sorry;Justin Bieber;2016;143
1568;Setting The World On Fire;Kenny Chesney Featuring P!nk;2016;22
1569;No Shopping;French Montana Featuring Drake;2016;15
1570;Sorry;Beyonce;2016;183
1571;My House;Flo Rida;2016;229
1572;Dangerous Woman;Ariana Grande;2016;316
1573;Wicked;Future;2016;61
1574;Record Year;Eric Church;2016;8
1575;THat Part;ScHoolboy Q Featuring Kanye West;2016;28
1576;Close;Nick Jonas Featuring Tove Lo;2016;245
1577;All The Way Up;Fat Joe, Remy Ma & Jay Z Featuring French Montana & Infared;2016;155
1578;Lost Boy;Ruth B;2016;209
1579;Vice;Miranda Lambert;2016;4
1580;Never Forget You;Zara Larsson & MNEK;2016;208
1581;Kill Em With Kindness;Selena Gomez;2016;29
1582;Toothbrush;DNCE;2016;7
1583;Church Bells;Carrie Underwood;2016;27
1584;Pillowtalk;Zayn;2016;183
1585;Me, Myself & I;G-Eazy x Bebe Rexha;2016;134
1586;M.I.L.F. $;Fergie;2016;17
1587;Cut It;O.T. Genasis Featuring Young Dolph;2016;95
1588;Lights Come On;Jason Aldean;2016;11
1589;Oui;Jeremih;2016;91
1590;Wake Up;Fetty Wap;2016;1
1591;Really Really;Kevin Gates;2016;8
1592;Huntin', Fishin' & Lovin' Every Day;Luke Bryan;2016;33
1593;2 Phones;Kevin Gates;2016;63
1594;Pop Style;Drake Featuring The Throne;2016;58
1595;No;Meghan Trainor;2016;28
1596;Humble And Kind;Tim McGraw;2016;34
1597;Exchange;Bryson Tiller;2016;39
1598;T-Shirt;Thomas Rhett;2016;24
1599;Middle;DJ Snake Featuring Bipolar Sunshine;2016;17
1600;Somewhere On A Beach;Dierks Bentley;2016;16
1601;Came Here To Forget;Blake Shelton;2016;24
1602;My Boo;Ghost Town DJ's;2016;15
1603;Wild Things;Alessia Cara;2016;2
1604;Hype;Drake;2016;6
1605;One Call Away;Charlie Puth;2016;5
1606;The Sound Of Silence;Disturbed;2016;2
1607;Despacito;Luis Fonsi & Daddy Yankee Featuring Justin Bieber;2017;650
1608;Wild Thoughts;DJ Khaled Featuring Rihanna & Bryson Tiller;2017;436
1609;Bodak Yellow (Money Moves);Cardi B;2017;153
1610;Unforgettable;French Montana Featuring Swae Lee;2017;518
1611;Believer;Imagine Dragons;2017;548
1612;Attention;Charlie Puth;2017;420
1613;There's Nothing Holdin' Me Back;Shawn Mendes;2017;483
1614;That's What I Like;Bruno Mars;2017;615
1615;Shape Of You;Ed Sheeran;2017;585
1616;Body Like A Back Road;Sam Hunt;2017;517
1617;I'm The One;DJ Khaled Featuring Justin Bieber, Quavo, Chance The Rapper & Lil Wayne;2017;608
1618;Bank Account;21 Savage;2017;176
1619;Strip That Down;Liam Payne Featuring Quavo;2017;267
1620;Congratulations;Post Malone Featuring Quavo;2017;523
1621;Slow Hands;Niall Horan;2017;357
1622;Redbone;Childish Gambino;2017;469
1623;Humble.;Kendrick Lamar;2017;551
1624;XO TOUR Llif3;Lil Uzi Vert;2017;479
1625;Something Just Like This;The Chainsmokers & Coldplay;2017;500
1626;Feels;Calvin Harris Featuring Pharrell Williams, Katy Perry & Big Sean;2017;190
1627;Mi Gente;J Balvin & Willy William Featuring Beyonce;2017;111
1628;Praying;Kesha;2017;125
1629;Stay;Zedd & Alessia Cara;2017;498
1630;Rake It Up;Yo Gotti Featuring Nicki Minaj;2017;110
1631;Sorry Not Sorry;Demi Lovato;2017;123
1632;Feel It Still;Portugal. The Man;2017;63
1633;Location;Khalid;2017;329
1634;Mask Off;Future;2017;479
1635;What About Us;P!nk;2017;22
1636;Say You Won't Let Go;James Arthur;2017;415
1637;Loyalty.;Kendrick Lamar Featuring Rihanna;2017;59
1638;Now Or Never;Halsey;2017;379
1639;Versace On The Floor;Bruno Mars;2017;35
1640;It Ain't Me;Kygo x Selena Gomez;2017;395
1641;Love Galore;SZA Featuring Travis Scott;2017;51
1642;Magnolia;Playboi Carti;2017;205
1643;1-800-273-8255;Logic Featuring Alessia Cara & Khalid;2017;15
1644;Small Town Boy;Dustin Lynch;2017;37
1645;Castle On The Hill;Ed Sheeran;2017;321
1646;Everyday We Lit;YFN Lucci Featuring PnB Rock;2017;151
1647;Drowning;A Boogie Wit da Hoodie Featuring Kodak Black;2017;124
1648;Silence;Marshmello Featuring Khalid;2017;9
1649;No Promises;Cheat Codes Featuring Demi Lovato;2017;17
1650;What Ifs;Kane Brown Featuring Lauren Alaina;2017;21
1651;In Case You Didn't Know;Brett Young;2017;225
1652;Slippery;Migos Featuring Gucci Mane;2017;178
1653;It's A Vibe;2 Chainz Featuring Ty Dolla $ign, Trey Songz & Jhene Aiko;2017;9
1654;Fetish;Selena Gomez Featuring Gucci Mane;2017;51
1655;Young Dumb & Broke;Khalid;2017;4
1656;No Such Thing As A Broken Heart;Old Dominion;2017;1
1657;Issues;Julia Michaels;2017;349
1658;2U;David Guetta Featuring Justin Bieber;2017;179
1659;Drinkin' Problem;Midland;2017;4
1660;You Da Baddest;Future Featuring Nicki Minaj;2017;13
1661;Craving You;Thomas Rhett Featuring Maren Morris;2017;45
1662;Do I Make You Wanna;Billy Currington;2017;4
1663;Rolex;Ayo & Teo;2017;189
1664;Numb;Linkin Park;2017;17
1665;In The End;Linkin Park;2017;14
1666;Closer;The Chainsmokers Featuring Halsey;2017;165
1667;Back To You;Louis Tomlinson Featuring Bebe Rexha & Digital Farm Animals;2017;11
1668;Malibu;Miley Cyrus;2017;238
1669;Heavy;Linkin Park Featuring Kiiara;2017;7
1670;The Fighter;Keith Urban Featuring Carrie Underwood;2017;22
1671;Bad Liar;Selena Gomez;2017;193
1672;My Girl;Dylan Scott;2017;33
1673;Bad And Boujee;Migos Featuring Lil Uzi Vert;2017;138
1674;iSpy;KYLE Featuring Lil Yachty;2017;213
1675;Felices Los 4;Maluma;2017;5
1676;24K Magic;Bruno Mars;2017;85
1677;The Story Of O.J.;JAY-Z;2017;28
1678;4:44;JAY-Z;2017;16
1679;Slide;Calvin Harris Featuring Frank Ocean & Migos;2017;91
1680;DNA.;Kendrick Lamar;2017;139
1681;Bam;"JAY-Z Featuring Damian ""Jr. Gong"" Marely";2017;4
1682;Hurricane;Luke Combs;2017;67
1683;Swalla;Jason Derulo Featuring Nicki Minaj & Ty Dolla $ign;2017;121
1684;Goosebumps;Travis Scott;2017;84
1685;T-Shirt;Migos;2017;60
1686;First Day Out;Tee Grizzley;2017;5
1687;The Cure;Lady Gaga;2017;14
1688;Signs;Drake;2017;15
1689;Crying In The Club;Camila Cabello;2017;5
1690;Sign Of The Times;Harry Styles;2017;118
1691;Tunnel Vision;Kodak Black;2017;65
1692;Scars To Your Beautiful;Alessia Cara;2017;27
1693;God, Your Mama, And Me;Florida Georgia Line Featuring Backstreet Boys;2017;6
1694;Passionfruit;Drake;2017;77
1695;Swang;Rae Sremmurd;2017;42
1696;Down;Fifth Harmony Featuring Gucci Mane;2017;9
1697;Rockabye;Clean Bandit Featuring Sean Paul & Anne-Marie;2017;20
1698;Paris;The Chainsmokers;2017;5
1699;Cold;Maroon 5 Featuring Future;2017;10
1700;Look At Me!;XXXTENTACION;2017;3
1701;Deja Vu;Lauren Duski;2017;8
1702;Swish Swish;Katy Perry Featuring Nicki Minaj;2017;5
1703;In My Feelings;Drake;2018;395
1704;Girls Like You;Maroon 5 Featuring Cardi B;2018;570
1705;I Like It;Cardi B, Bad Bunny & J Balvin;2018;627
1706;FEFE;6ix9ine Featuring Nicki Minaj & Murda Beatz;2018;235
1707;Better Now;Post Malone;2018;472
1708;Lucid Dreams;Juice WRLD;2018;563
1709;No Tears Left To Cry;Ariana Grande;2018;527
1710;God Is A Woman;Ariana Grande;2018;170
1711;Sicko Mode;Travis Scott;2018;133
1712;Taste;Tyga Featuring Offset;2018;339
1713;Love Lies;Khalid & Normani;2018;317
1714;No Brainer;DJ Khaled Featuring Justin Bieber, Chance The Rapper & Quavo;2018;166
1715;Boo'd Up;Ella Mai;2018;560
1716;Yes Indeed;Lil Baby & Drake;2018;474
1717;Youngblood;5 Seconds Of Summer;2018;185
1718;Psycho;Post Malone Featuring Ty Dolla $ign;2018;555
1719;Nice For What;Drake;2018;582
1720;Nonstop;Drake;2018;249
1721;Delicate;Taylor Swift;2018;399
1722;Perfect;Ed Sheeran;2018;404
1723;Meant To Be;Bebe Rexha & Florida Georgia Line;2018;459
1724;Breathin;Ariana Grande;2018;29
1725;Back To You;Selena Gomez;2018;264
1726;Big Bank;YG Featuring 2 Chainz, Big Sean & Nicki Minaj;2018;156
1727;The Middle;Zedd, Maren Morris & Grey;2018;474
1728;Sad!;XXXTENTACION;2018;360
1729;God's Plan;Drake;2018;511
1730;I Like Me Better;Lauv;2018;134
1731;Natural;Imagine Dragons;2018;62
1732;Tequila;Dan + Shay;2018;268
1733;Eastside;Benny Blanco, Halsey & Khalid;2018;30
1734;Drowns The Whiskey;Jason Aldean Featuring Miranda Lambert;2018;58
1735;Mine;Bazzi;2018;358
1736;Mercy;Brett Young;2018;119
1737;Stargazing;Travis Scott;2018;83
1738;Simple;Florida Georgia Line;2018;104
1739;Friends;Marshmello & Anne-Marie;2018;378
1740;Barbie Dreams;Nicki Minaj;2018;46
1741;One Kiss;Calvin Harris & Dua Lipa;2018;222
1742;Sunrise, Sunburn, Sunset;Luke Bryan;2018;16
1743;Never Be The Same;Camila Cabello;2018;273
1744;In My Blood;Shawn Mendes;2018;318
1745;Life Changes;Thomas Rhett;2018;21
1746;Get Along;Kenny Chesney;2018;117
1747;I'm A Mess;Bebe Rexha;2018;6
1748;Apes**t;The Carters;2018;174
1749;Te Bote;Casper Magico, Nio Garcia, Darell, Nicky Jam, Ozuna & Bad Bunny;2018;100
1750;Moonlight;XXXTENTACION;2018;137
1751;Break Up In The End;Cole Swindell;2018;2
1752;Beautiful;Bazzi Featuring Camila Cabello;2018;1
1753;Bed;Nicki Minaj Featuring Ariana Grande;2018;20
1754;Yosemite;Travis Scott;2018;34
1755;Chun-Li;Nicki Minaj;2018;38
1756;Taking A Walk;Trippie Redd;2018;5
1757;Carousel;Travis Scott;2018;27
1758;R.I.P Screw;Travis Scott;2018;25
1759;Stop Trying To Be God;Travis Scott;2018;24
1760;Wake Up;Travis Scott;2018;21
1761;No Bystanders;Travis Scott;2018;20
1762;5% Tint;Travis Scott;2018;15
1763;Can't Say;Travis Scott;2018;13
1764;NC-17;Travis Scott;2018;10
1765;Who? What!;Travis Scott;2018;8
1766;Skeletons;Travis Scott;2018;4
1767;Astrothunder;Travis Scott;2018;3
1768;Butterfly Effect;Travis Scott;2018;1
1769;Whatever It Takes;Imagine Dragons;2018;216
1770;Look Alive;BlocBoy JB Featuring Drake;2018;218
1771;Be Careful;Cardi B;2018;166
1772;I'm Upset;Drake;2018;260
1773;Sober;Demi Lovato;2018;4
1774;Sit Next To Me;Foster The People;2018;24
1775;One Number Away;Luke Combs;2018;40
1776;I Was Jack (You Were Diane);Jake Owen;2018;15
1777;This Is America;Childish Gambino;2018;221
1778;X;Nicky Jam x J Balvin;2018;11
1779;Coming Home;Keith Urban Featuring Julia Michaels;2018;1
1780;Don't Matter To Me;Drake Featuring Michael Jackson;2018;90
1781;Mob Ties;Drake;2018;69
1782;Summertime Magic;Childish Gambino;2018;7
1783;Jumpsuit;twenty one pilots;2018;1
1784;Emotionless;Drake;2018;56
1785;Elevate;Drake;2018;44
1786;Can't Take A Joke;Drake;2018;39
1787;Changes;XXXTENTACION;2018;70
1788;Survival;Drake;2018;34
1789;Talk Up;Drake Featuring JAY-Z;2018;31
1790;8 Out Of 10;Drake;2018;30
1791;Sandra's Rose;Drake;2018;24
1792;Summer Games;Drake;2018;23
1793;Blue Tint;Drake;2018;21
1794;Jaded;Drake;2018;19
1795;Is There More;Drake;2018;15
1796;That's How You Feel;Drake;2018;14
1797;Peak;Drake;2018;13
1798;After Dark;Drake Featuring Static Major & Ty Dolla $ign;2018;10
1799;Finesse;Drake;2018;9
1800;Plug Walk;Rich The Kid;2018;113
1801;Jocelyn Flores;XXXTENTACION;2018;58
1802;Walk It Talk It;Migos Featuring Drake;2018;157
1803;Rockstar;Post Malone Featuring 21 Savage;2018;115
1804;F**k Love;XXXTENTACION Featuring Trippie Redd;2018;40
1805;Heaven;Kane Brown;2018;104
1806;Havana;Camila Cabello Featuring Young Thug;2018;92
1807;New Rules;Dua Lipa;2018;68
1808;All Girls Are The Same;Juice WRLD;2018;31
1809;Everybody Dies In Their Nightmares;XXXTENTACION;2018;14
1810;Freaky Friday;Lil Dicky Featuring Chris Brown;2018;60
1811;Wait;Maroon 5;2018;82
1812;All Mine;Kanye West;2018;63
1813;Reborn;KIDS SEE GHOSTS;2018;12
1814;Yikes;Kanye West;2018;54
1815;4th Dimension;KIDS SEE GHOSTS Featuring Louis Prima;2018;9
1816;Pray For Me;The Weeknd & Kendrick Lamar;2018;36
1817;Feel The Love;KIDS SEE GHOSTS;2018;4
1818;Up Down;Morgan Wallen Featuring Florida Georgia Line;2018;2
1819;TATI;6ix9ine Featuring DJ SPINKING;2018;10
1820;Ghost Town;Kanye West Featuring PARTYNEXTDOOR;2018;35
1821;Wouldn't Leave;Kanye West Featuring PARTYNEXTDOOR;2018;27
1822;Violent Crimes;Kanye West;2018;24
1823;I Thought About Killing You;Kanye West;2018;23
1824;No Mistakes;Kanye West;2018;15
1825;Fake Love;BTS;2018;3
1826;Finesse;Bruno Mars & Cardi B;2018;13
1827;Call Out My Name;The Weeknd;2018;11
1828;All The Stars;Kendrick Lamar & SZA;2018;10
1829;You Make It Easy;Jason Aldean;2018;9
1830;Ric Flair Drip;Offset & Metro Boomin;2018;7
1831;Praise The Lord (Da Shine);A$AP Rocky Featuring Skepta;2018;6
1832;IDGAF;Dua Lipa;2018;2
1833;Powerglide;Rae Sremmurd & Juicy J;2018;1
